sPDL Tool v2.0 (Last edited 25 July 2015),Testset Quartiles,SiO2, , , ,TiO2, , , ,Al2O3, , , ,FeOT, , , ,MgO, , , ,CaO, , , ,Na2O, , , ,K2O, , , ,,,,
COMBINED PLS+ICA RESULTS,Min,0.11, , , ,0, , , ,0.02, , , ,0.0179962, , , ,0.01, , , ,0.01, , , ,0, , , ,0, , , ,,,,
,1st,48.3242, , , ,0.41, , , ,12.11, , , ,3.93975, , , ,1.68, , , ,0.42, , , ,0.53, , , ,0.460583, , , ,,,,
,Med,56, , , ,0.71, , , ,15.57, , , ,6.0917, , , ,2.91, , , ,1.88, , , ,1.99, , , ,1.87146, , , ,,,,
,3rd,63.4744, , , ,1.08, , , ,17.77, , , ,9.56011, , , ,4.95848, , , ,8.922, , , ,3.4, , , ,3.6, , , ,,,,
,Max,84.9, , , ,3.575, , , ,32.1395, , , ,49.0576, , , ,45.9258, , , ,35.67, , , ,6.77789, , , ,8.88, , , ,,,,
File,Target,SiO2,+/-,SiO2 RMSEP,SiO2_shots_stdev,TiO2,+/-,TiO2 RMSEP,TiO2_shots_stdev,Al2O3,+/-,Al2O3 RMSEP,Al2O3_shots_stdev,FeOT,+/-,FeOT RMSEP,FeOT_shots_stdev,MgO,+/-,MgO RMSEP,MgO_shots_stdev,CaO,+/-,CaO RMSEP,CaO_shots_stdev,Na2O,+/-,Na2O RMSEP,Na2O_shots_stdev,K2O,+/-,K2O RMSEP,K2O_shots_stdev,Sum of Oxides,Distance (m),Laser Power,Spectrum Total
CL5_398645626CCS_F0030004CCAM02013P3.CSV,Coronation,45.8,+/-,5,0.4,0.97,+/-,0.49,0.02,11.6,+/-,3.6,0.5,17.9,+/-,3.9,0.3,4,+/-,1.7,0.1,8.4,+/-,2.6,0.2,3.79,+/-,0.67,0.18,0.66,+/-,0.72,0.03,93.11,2.70011,100A/95A/95A,1.02E+15
CL5_398646038CCS_F0030004CCAM03013P3.CSV,NAu-2_Med-S,40,+/-,5.5,0.7,0.63,+/-,0.4,0.01,6.3,+/-,3.2,0.1,17.2,+/-,3.7,0.1,1.9,+/-,1.6,0.2,15,+/-,3.4,0.6,1.03,+/-,0.57,0.03,0.17,+/-,0.55,0.01,82.14,1.58076,100A/60A/60A,4.12E+14
CL5_398737278CCS_F0030004CCAM02014P3.CSV,Goulburn_3,47.4,+/-,4.9,3.5,7.24,+/-,3.29,4.15,22.3,+/-,3.8,2.5,15.9,+/-,3.5,3.8,4.4,+/-,1.8,0.3,3.7,+/-,1.4,0.6,3.31,+/-,0.64,0.25,0.97,+/-,0.85,0.2,105.25,5.95906,100A/95A/95A,2.10E+14
CL5_398825061CCS_F0030004CCAM01015P3.CSV,Goulburn_4,45.7,+/-,5,1.4,0.98,+/-,0.49,0.18,19.1,+/-,3.7,3.8,26.4,+/-,4.8,6.4,1.4,+/-,1.5,0.6,4.4,+/-,1.5,1.5,4.86,+/-,0.86,0.97,0.59,+/-,0.69,0.16,103.34,5.81117,100A/95A/95A,5.17E+14
CL5_398825848CCS_F0030004CCAM03015P3.CSV,Stark,74.1,+/-,5.5,2,0.6,+/-,0.39,0.06,9.7,+/-,3.5,0.2,0.3,+/-,1.6,1.6,1.7,+/-,1.5,0.5,2.3,+/-,1,0.4,5.26,+/-,0.94,0.41,1.07,+/-,0.9,0.18,95.09,3.27253,100A/95A/95A,2.71E+14
CL5_398826553CCS_F0030004CCAM05015P3.CSV,Mara,54.6,+/-,5.1,0.4,0.77,+/-,0.44,0.01,21.2,+/-,3.7,0.3,8.8,+/-,2.5,0.6,1.1,+/-,1.5,0.1,7.3,+/-,2.3,0.1,6.55,+/-,1.08,0.07,1.26,+/-,0.97,0.09,101.58,4.16691,100A/95A/95A,2.61E+14
CL5_399178818CCS_F0030078CCAM01019P3.CSV,Mara_1,51.5,+/-,5,0.5,0.82,+/-,0.45,0.02,17.4,+/-,3.7,0.3,12.9,+/-,3.1,0.5,1.5,+/-,1.5,0.1,8.4,+/-,2.6,0.2,5.52,+/-,0.97,0.18,0.95,+/-,0.85,0.08,99.06,3.10065,100A/95A/95A,6.37E+14
CL5_399178879CCS_F0030078CCAM01019P3.CSV,Mara_1,48.3,+/-,4.9,0.4,0.7,+/-,0.42,0.01,16.2,+/-,3.7,0.5,16.6,+/-,3.6,0.3,2.7,+/-,1.6,0.1,8.2,+/-,2.6,0.3,4.47,+/-,0.78,0.14,0.67,+/-,0.73,0.03,97.86,3.10065,100A/95A/95A,7.51E+14
CL5_399178941CCS_F0030078CCAM01019P3.CSV,Mara_1,45.6,+/-,5,1.9,0.98,+/-,0.49,0.04,6.6,+/-,3.3,0.3,23.3,+/-,4.6,1.6,4.6,+/-,1.8,0.2,4.9,+/-,1.7,1,2.77,+/-,0.61,0.09,0.23,+/-,0.57,0.05,89.01,3.10065,100A/95A/95A,1.32E+15
CL5_399179003CCS_F0030078CCAM01019P3.CSV,Mara_1,50,+/-,5,0.3,0.9,+/-,0.47,0.01,17.7,+/-,3.7,0.2,13.5,+/-,3.2,0.4,1.6,+/-,1.5,0.2,9.6,+/-,2.8,0.2,5.19,+/-,0.93,0.14,0.75,+/-,0.76,0.03,99.37,3.10065,100A/95A/95A,7.65E+14
CL5_399179065CCS_F0030078CCAM01019P3.CSV,Mara_1,51.3,+/-,5,1.1,2.21,+/-,0.82,0.23,12.4,+/-,3.6,0.5,16.9,+/-,3.7,0.7,2.4,+/-,1.6,0.1,8,+/-,2.5,0.9,4.25,+/-,0.73,0.12,0.93,+/-,0.84,0.05,98.36,3.10065,100A/95A/95A,8.72E+14
CL5_399179536CCS_F0030078CCAM02019P3.CSV,Goulburn_7,50.3,+/-,5,0.8,1.05,+/-,0.5,0.1,21.7,+/-,3.8,0.7,5.8,+/-,2.1,1,2.6,+/-,1.6,0.3,4.7,+/-,1.6,0.9,4.22,+/-,0.73,0.31,1.3,+/-,0.99,0.13,91.74,5.02842,100A/95A/95A,1.37E+14
CL5_399179597CCS_F0030078CCAM02019P3.CSV,Goulburn_7,53.8,+/-,5.1,2.7,0.49,+/-,0.35,0.06,18.5,+/-,3.7,1.3,8.1,+/-,2.4,3.2,5.7,+/-,1.9,1.6,4.1,+/-,1.4,0.7,3.41,+/-,0.65,0.77,0.77,+/-,0.77,0.13,94.86,5.02842,100A/95A/95A,1.91E+14
CL5_399179658CCS_F0030078CCAM02019P3.CSV,Goulburn_7,53.1,+/-,5.1,1.1,0.86,+/-,0.46,0.16,22.6,+/-,3.8,1,4.5,+/-,1.9,1.3,1.6,+/-,1.5,0.3,6.9,+/-,2.2,0.9,5.35,+/-,0.95,0.16,2.03,+/-,1.17,0.39,96.95,5.02842,100A/95A/95A,1.22E+14
CL5_399179780CCS_F0030078CCAM02019P3.CSV,Goulburn_7,47.7,+/-,4.9,1.3,0.74,+/-,0.43,0.02,26.9,+/-,4,1.3,2.2,+/-,1.7,2,0.8,+/-,1.5,0.4,10.3,+/-,2.9,0.3,6.34,+/-,1.06,0.16,1.22,+/-,0.96,0.14,96.13,5.02842,100A/95A/95A,9.23E+13
CL5_399180289CCS_F0030078CCAM15305P3.CSV,Peacock_Hills,45.4,+/-,5,1.5,1.33,+/-,0.57,0.09,19.9,+/-,3.7,1.2,21.1,+/-,4.4,2.1,1.8,+/-,1.5,0.6,6.7,+/-,2.2,0.5,4.9,+/-,0.87,0.48,0.74,+/-,0.76,0.11,101.79,5.28875,100A/95A/95A,2.25E+14
CL5_399180779CCS_F0030078CCAM03019P3.CSV,Beechey,47.2,+/-,5,1.8,1,+/-,0.49,0.09,12.6,+/-,3.6,1.4,19.1,+/-,4.1,0.7,5.6,+/-,1.9,0.2,7.2,+/-,2.3,0.3,3.45,+/-,0.65,0.37,0.53,+/-,0.67,0.07,96.67,3.5574,100A/95A/95A,4.69E+14
CL5_399180841CCS_F0030078CCAM03019P3.CSV,Beechey,51.2,+/-,5,0.8,0.73,+/-,0.43,0.01,20,+/-,3.7,0.4,11.4,+/-,2.9,0.7,1,+/-,1.5,0.1,9.1,+/-,2.7,0.2,5.53,+/-,0.97,0.11,0.44,+/-,0.64,0.05,99.44,3.5574,100A/95A/95A,2.70E+14
CL5_399180903CCS_F0030078CCAM03019P3.CSV,Beechey,46.9,+/-,5,3.5,0.71,+/-,0.42,0.12,14.8,+/-,3.6,1.5,15.1,+/-,3.4,2.7,5.4,+/-,1.9,2,8.1,+/-,2.5,0.5,3.53,+/-,0.65,0.63,0.45,+/-,0.64,0.08,95.01,3.5574,100A/95A/95A,7.95E+13
CL5_399180965CCS_F0030078CCAM03019P3.CSV,Beechey,49.7,+/-,5,2.1,0.69,+/-,0.42,0.08,18.4,+/-,3.7,2.7,14.3,+/-,3.3,1.8,5.3,+/-,1.9,1,9.5,+/-,2.8,0.9,4.27,+/-,0.74,0.68,0.61,+/-,0.7,0.13,102.73,3.5574,100A/95A/95A,1.67E+14
CL5_399181027CCS_F0030078CCAM03019P3.CSV,Beechey,56.2,+/-,5.2,1,0.74,+/-,0.43,0.03,16.4,+/-,3.7,0.7,14.2,+/-,3.3,1.5,2.8,+/-,1.6,0.6,6.7,+/-,2.2,0.9,5.38,+/-,0.96,0.36,1.26,+/-,0.97,0.13,103.7,3.5574,100A/95A/95A,2.44E+14
CL5_399181483CCS_F0030078CCAM04019P3.CSV,Goulburn_8,54,+/-,5.1,1.9,1.92,+/-,0.73,2.06,21.1,+/-,3.7,1.1,7.8,+/-,2.4,1.2,3.2,+/-,1.7,0.3,8.2,+/-,2.6,2.2,2.69,+/-,0.61,0.33,0.28,+/-,0.58,0.06,99.18,4.95266,100A/95A/95A,3.30E+14
CL5_399444150CCS_F0030100CCAM01022P3.CSV,Thor_Lake,46.4,+/-,5,1.3,0.7,+/-,0.42,0.02,6.6,+/-,3.3,0.2,18.7,+/-,4,0.3,6.2,+/-,2,0.2,15.2,+/-,3.4,0.5,2.16,+/-,0.62,0.1,0.39,+/-,0.62,0.04,96.44,5.31814,100A/95A/95A,5.12E+14
CL5_399444255CCS_F0030100CCAM01022P3.CSV,Thor_Lake,54.3,+/-,5.1,0.8,0.2,+/-,0.25,0.03,25.1,+/-,3.9,0.4,0.3,+/-,1.6,0.9,0.4,+/-,1.4,0.1,7.9,+/-,2.5,0.2,7.76,+/-,1.22,0.15,1.01,+/-,0.87,0.07,97.01,5.31814,100A/95A/95A,2.20E+14
CL5_399444360CCS_F0030100CCAM01022P3.CSV,Thor_Lake,53.3,+/-,5.1,0.7,0.82,+/-,0.45,0.03,24.6,+/-,3.9,0.3,2.7,+/-,1.8,1,0.5,+/-,1.5,0.1,9.3,+/-,2.8,0.3,7.26,+/-,1.16,0.16,1.66,+/-,1.1,0.07,100.11,5.31814,100A/95A/95A,2.82E+14
CL5_399444466CCS_F0030100CCAM01022P3.CSV,Thor_Lake,53.8,+/-,5.1,0.7,0.79,+/-,0.45,0.02,22.1,+/-,3.8,0.4,9.5,+/-,2.6,0.4,1,+/-,1.5,0.1,5.3,+/-,1.8,0.2,6.99,+/-,1.13,0.11,1.48,+/-,1.05,0.06,100.8,5.31814,100A/95A/95A,2.85E+14
CL5_399444571CCS_F0030100CCAM01022P3.CSV,Thor_Lake,39.4,+/-,5.5,0.6,10.06,+/-,4.64,0.19,7,+/-,3.3,0.1,24,+/-,4.6,0.7,2.9,+/-,1.6,0.1,1.6,+/-,0.9,0.1,2.44,+/-,0.61,0.09,0.34,+/-,0.6,0.03,87.77,5.31814,100A/95A/95A,1.21E+15
CL5_399444977CCS_F0030100CCAM02022P3.CSV,Preble,63.4,+/-,5.3,0.9,0.75,+/-,0.44,0.11,11.9,+/-,3.6,0.7,10.4,+/-,2.7,0.6,1.4,+/-,1.5,0.1,5.8,+/-,1.9,0.3,4.88,+/-,0.86,0.16,0.95,+/-,0.85,0.07,99.47,2.68065,100A/95A/95A,3.70E+14
CL5_399445076CCS_F0030100CCAM02022P3.CSV,Preble,72.3,+/-,5.5,1.3,0.74,+/-,0.43,0.2,19.7,+/-,3.7,2.3,0.8,+/-,1.6,0.6,0.6,+/-,1.5,0.1,0.4,+/-,0.8,0.1,5.21,+/-,0.93,0.21,3.82,+/-,1.2,0.19,103.61,2.68065,100A/95A/95A,2.34E+14
CL5_399445175CCS_F0030100CCAM02022P3.CSV,Preble,61.1,+/-,5.3,0.8,0.93,+/-,0.48,0.11,14.4,+/-,3.6,0.8,13.7,+/-,3.2,0.8,1.3,+/-,1.5,0.2,4.5,+/-,1.5,0.2,4.99,+/-,0.89,0.15,0.88,+/-,0.82,0.05,101.96,2.68065,100A/95A/95A,3.45E+14
CL5_399445274CCS_F0030100CCAM02022P3.CSV,Preble,44.7,+/-,5,0.7,1.5,+/-,0.62,0.12,2.7,+/-,2.7,0.1,26.9,+/-,4.8,1.1,3,+/-,1.6,0.1,0.8,+/-,0.9,0,1.81,+/-,0.64,0.09,0.36,+/-,0.61,0.04,81.67,2.68065,100A/95A/95A,1.08E+15
CL5_399445373CCS_F0030100CCAM02022P3.CSV,Preble,54.4,+/-,5.1,0.7,2.43,+/-,0.91,0.43,11,+/-,3.5,0.4,14.7,+/-,3.3,0.9,1.7,+/-,1.5,0.1,2.5,+/-,1.1,0.2,4.57,+/-,0.8,0.18,1.25,+/-,0.97,0.08,92.6,2.68065,100A/95A/95A,5.49E+14
CL5_399445756CCS_F0030100CCAM03022P3.CSV,Murky,50.3,+/-,5,1.3,1.04,+/-,0.5,0.08,16.9,+/-,3.7,1.1,19,+/-,4.1,1.3,3.1,+/-,1.7,0.8,4.5,+/-,1.6,0.5,4.44,+/-,0.77,0.34,0.97,+/-,0.85,0.15,100.25,3.33942,100A/95A/95A,3.02E+14
CL5_399445857CCS_F0030100CCAM03022P3.CSV,Murky,55,+/-,5.1,0.2,0.24,+/-,0.26,0.26,24.6,+/-,3.9,0.7,0.2,+/-,1.6,0.5,1.1,+/-,1.5,0.2,10.5,+/-,3,0.1,6.04,+/-,1.03,0.11,0.48,+/-,0.65,0.06,98.26,3.33942,100A/95A/95A,2.83E+14
CL5_399445956CCS_F0030100CCAM03022P3.CSV,Murky,47.8,+/-,4.9,0.8,1.14,+/-,0.52,0.07,10.6,+/-,3.5,0.3,19.6,+/-,4.2,0.3,7.7,+/-,2.2,0.2,6.2,+/-,2,0.1,2.98,+/-,0.62,0.08,0.71,+/-,0.74,0.06,96.77,3.33942,100A/95A/95A,5.66E+14
CL5_399446055CCS_F0030100CCAM03022P3.CSV,Murky,54.7,+/-,5.1,0.6,0.79,+/-,0.45,0.01,20.2,+/-,3.7,2.6,10.1,+/-,2.7,4.3,1.4,+/-,1.5,0.5,8.8,+/-,2.7,1.2,5.96,+/-,1.02,0.66,0.41,+/-,0.63,0.09,102.4,3.33942,100A/95A/95A,2.47E+14
CL5_399446154CCS_F0030100CCAM03022P3.CSV,Murky,39.3,+/-,5.6,3.4,0.79,+/-,0.45,0.14,7.6,+/-,3.4,1.5,19.8,+/-,4.2,3.5,11.9,+/-,2.9,4.3,5.8,+/-,1.9,1.5,1.74,+/-,0.64,0.3,0.17,+/-,0.55,0.08,87.06,3.33942,100A/95A/95A,3.87E+14
CL5_399888098CCS_F0030530CCAM01027P3.CSV,NAu-2_Hi-S,39.9,+/-,5.5,1.9,0.68,+/-,0.42,0.01,5,+/-,3,0.3,14.6,+/-,3.3,1.6,2.7,+/-,1.6,0.2,12.9,+/-,3.2,1.5,0.92,+/-,0.54,0.03,0.11,+/-,0.53,0.01,76.92,1.59476,100A/40A/40A,2.58E+14
CL5_399888385CCS_F0030530CCAM01027P3.CSV,NAu-2_Med-S,44.7,+/-,5,0.6,0.71,+/-,0.42,0.05,6.8,+/-,3.3,0.2,14.3,+/-,3.3,1.5,2.5,+/-,1.6,0.1,11.3,+/-,3.1,0.7,1.12,+/-,0.59,0.06,0.28,+/-,0.58,0.01,81.72,1.59007,100A/40A/40A,2.08E+14
CL5_399888672CCS_F0030530CCAM01027P3.CSV,NAu-2_Low-S,49.7,+/-,5,0.9,0.69,+/-,0.42,0.01,7.5,+/-,3.4,0.1,15.2,+/-,3.4,1.7,2.9,+/-,1.6,0.2,7.4,+/-,2.4,0.3,1.47,+/-,0.64,0.03,0.47,+/-,0.65,0.01,85.33,1.59032,100A/40A/40A,2.11E+14
CL5_399888959CCS_F0030530CCAM01027P3.CSV,Kga-d_Med-S,42.2,+/-,5.2,0.8,1.25,+/-,0.55,0.14,19.7,+/-,3.7,0.7,10.5,+/-,2.7,0.7,3.7,+/-,1.7,0.3,14.8,+/-,3.4,0.6,1.17,+/-,0.6,0.08,0.26,+/-,0.58,0.02,93.64,1.58859,100A/40A/40A,2.04E+14
CL5_399889564CCS_F0030530CCAM01027P3.CSV,Shergottite,45.6,+/-,5,1.2,0.52,+/-,0.36,0.09,12.3,+/-,3.6,0.2,15.8,+/-,3.5,0.6,5.2,+/-,1.9,0.1,14.6,+/-,3.4,0.3,2.49,+/-,0.61,0.55,0.23,+/-,0.57,0.15,96.65,1.58958,100A/40A/40A,1.12E+14
CL5_399889851CCS_F0030530CCAM01027P3.CSV,Picrite,42.7,+/-,5.2,0.9,0.71,+/-,0.42,0.01,12.6,+/-,3.6,0.4,17.5,+/-,3.8,0.2,9.5,+/-,2.5,0.2,7.6,+/-,2.4,0.3,3.92,+/-,0.69,0.21,0.18,+/-,0.55,0.05,94.74,1.58884,100A/40A/40A,2.00E+14
CL5_399890138CCS_F0030530CCAM01027P3.CSV,Norite,42.5,+/-,5.2,0.4,0.81,+/-,0.45,0.01,14.8,+/-,3.6,0.2,16.1,+/-,3.6,0.2,7.5,+/-,2.2,0.1,12.9,+/-,3.2,0.2,1.68,+/-,0.65,0.1,0.02,+/-,0.51,0,96.34,1.58761,100A/40A/40A,1.43E+14
CL5_399890957CCS_F0030530CCAM02027P3.CSV,Link,51.2,+/-,5,1.5,0.88,+/-,0.47,0.08,20.9,+/-,3.7,0.9,9.2,+/-,2.5,2.7,1.2,+/-,1.5,0.1,5.5,+/-,1.8,0.6,3.69,+/-,0.67,0.26,1.83,+/-,1.14,0.19,94.31,2.67583,100A/95A/95A,3.91E+14
CL5_399891054CCS_F0030530CCAM02027P3.CSV,Link,52.5,+/-,5,2.3,0.9,+/-,0.47,0.16,20.2,+/-,3.7,0.8,8.9,+/-,2.5,4,1,+/-,1.5,0.2,5.5,+/-,1.9,0.4,4.11,+/-,0.71,0.52,1.32,+/-,1,0.17,94.53,2.67583,100A/95A/95A,4.45E+14
CL5_399891150CCS_F0030530CCAM02027P3.CSV,Link,48.7,+/-,4.9,1.1,0.95,+/-,0.48,0.04,21.3,+/-,3.7,1.2,9.3,+/-,2.6,1.6,1.2,+/-,1.5,0,4.5,+/-,1.6,0.5,3.75,+/-,0.67,0.28,2.16,+/-,1.18,0.28,91.94,2.67583,100A/95A/95A,3.56E+14
CL5_399891247CCS_F0030530CCAM02027P3.CSV,Link,51.6,+/-,5,0.8,0.74,+/-,0.43,0.04,22.9,+/-,3.8,1.1,4,+/-,1.9,2.6,1,+/-,1.5,0.3,6.7,+/-,2.2,0.3,4.71,+/-,0.83,0.26,1.87,+/-,1.15,0.17,93.52,2.67583,100A/95A/95A,2.43E+14
CL5_399891343CCS_F0030530CCAM02027P3.CSV,Link,49.8,+/-,5,2.4,1.34,+/-,0.57,0.56,19.5,+/-,3.7,1.4,15.6,+/-,3.5,3.1,1.2,+/-,1.5,0.1,4,+/-,1.4,1.3,3.53,+/-,0.65,0.87,1.57,+/-,1.08,0.06,96.61,2.67583,100A/95A/95A,4.52E+14
CL5_400331689CCS_F0040000CCAM02032P3.CSV,Pekanatui,44.3,+/-,5.1,1.1,1.23,+/-,0.55,0.13,12.1,+/-,3.6,1,17.9,+/-,3.9,0.7,2.9,+/-,1.6,0.1,10.3,+/-,2.9,1.4,3.42,+/-,0.65,0.18,0.5,+/-,0.66,0.04,92.58,2.95496,100A/95A/95A,9.35E+14
CL5_400331785CCS_F0040000CCAM02032P3.CSV,Pekanatui,42.9,+/-,5.2,1,1.83,+/-,0.71,0.22,12.6,+/-,3.6,0.7,19.9,+/-,4.2,1.1,2.4,+/-,1.6,0.2,7.5,+/-,2.4,0.6,3.56,+/-,0.66,0.18,0.54,+/-,0.67,0.04,91.18,2.95496,100A/95A/95A,1.13E+15
CL5_400331881CCS_F0040000CCAM02032P3.CSV,Pekanatui,46.6,+/-,5,1.2,1.43,+/-,0.6,0.13,14.1,+/-,3.6,0.7,17.8,+/-,3.9,0.3,2.7,+/-,1.6,0.1,7.5,+/-,2.4,0.6,3.45,+/-,0.65,0.13,0.48,+/-,0.65,0.03,94.08,2.95496,100A/95A/95A,9.91E+14
CL5_400331978CCS_F0040000CCAM02032P3.CSV,Pekanatui,44.2,+/-,5.1,0.4,2.82,+/-,1.09,0.11,13.1,+/-,3.6,0.4,17.4,+/-,3.8,0.3,2.1,+/-,1.6,0.1,6.1,+/-,2,0.4,4.54,+/-,0.79,0.15,0.9,+/-,0.82,0.04,91.18,2.95496,100A/95A/95A,8.33E+14
CL5_400332074CCS_F0040000CCAM02032P3.CSV,Pekanatui,41.3,+/-,5.3,0.6,1.71,+/-,0.68,0.11,6.3,+/-,3.2,0.4,20,+/-,4.2,0.9,5,+/-,1.9,0.3,7.4,+/-,2.4,0.5,2.24,+/-,0.62,0.17,0.27,+/-,0.58,0.04,84.24,2.95496,100A/95A/95A,1.17E+15
CL5_400332740CCS_F0040000CCAM03032P3.CSV,Taltheilei,53.5,+/-,5.1,0.4,0.74,+/-,0.43,0.01,18.5,+/-,3.7,0.7,9.5,+/-,2.6,0.5,1.8,+/-,1.5,0.3,7.5,+/-,2.4,0.3,5.74,+/-,1,0.16,0.52,+/-,0.67,0.05,97.89,2.50875,100A/95A/95A,5.19E+14
CL5_400332836CCS_F0040000CCAM03032P3.CSV,Taltheilei,54.5,+/-,5.1,0.9,0.63,+/-,0.4,0.02,11.9,+/-,3.6,0.3,12.9,+/-,3.1,1.5,4.5,+/-,1.8,0.2,9.5,+/-,2.8,0.5,2.84,+/-,0.62,0.18,0.35,+/-,0.61,0.03,97.29,2.50875,100A/95A/95A,6.18E+14
CL5_400332932CCS_F0040000CCAM03032P3.CSV,Taltheilei,45.1,+/-,5,0.3,1.53,+/-,0.62,0.05,17.6,+/-,3.7,1.1,18.6,+/-,4,0.5,2.7,+/-,1.6,0.2,7.6,+/-,2.4,0.4,3.74,+/-,0.67,0.17,0.32,+/-,0.6,0.02,97.15,2.50875,100A/95A/95A,7.90E+14
CL5_400333029CCS_F0040000CCAM03032P3.CSV,Taltheilei,59.3,+/-,5.3,0.7,0.7,+/-,0.42,0.01,17.1,+/-,3.7,0.3,5.8,+/-,2.1,1.4,2.4,+/-,1.6,0.1,5.8,+/-,1.9,0.1,5.24,+/-,0.93,0.31,1.64,+/-,1.1,0.15,97.93,2.50875,100A/95A/95A,4.37E+14
CL5_400333125CCS_F0040000CCAM03032P3.CSV,Taltheilei,51.9,+/-,5,0.6,0.73,+/-,0.43,0.01,19.9,+/-,3.7,0.7,8.8,+/-,2.5,1,1.8,+/-,1.5,0.3,9,+/-,2.7,0.3,5.3,+/-,0.94,0.21,0.36,+/-,0.61,0.04,97.9,2.50875,100A/95A/95A,4.86E+14
CL5_400422236CCS_F0040000CCAM04033P3.CSV,Beaulieu,43,+/-,5.1,1.4,0.83,+/-,0.46,0.16,8.1,+/-,3.4,0.7,18.6,+/-,4,1,9.1,+/-,2.5,0.8,7.6,+/-,2.4,0.8,1.88,+/-,0.64,0.23,0.18,+/-,0.55,0.05,89.33,3.14263,100A/95A/95A,4.14E+14
CL5_400422333CCS_F0040000CCAM04033P3.CSV,Beaulieu,55.2,+/-,5.1,0.5,0.74,+/-,0.43,0.01,21,+/-,3.7,0.2,2.5,+/-,1.8,0.3,2.1,+/-,1.6,0.1,9.8,+/-,2.9,0.1,6.72,+/-,1.1,0.12,1.72,+/-,1.12,0.12,99.85,3.14263,100A/95A/95A,5.00E+14
CL5_400422430CCS_F0040000CCAM04033P3.CSV,Beaulieu,60.5,+/-,5.3,0.3,0.69,+/-,0.42,0.03,17.6,+/-,3.7,1,1.8,+/-,1.7,1,1.7,+/-,1.5,0.2,4.5,+/-,1.6,0.2,6.07,+/-,1.03,0.14,3.05,+/-,1.16,0.3,95.95,3.14263,100A/95A/95A,4.55E+14
CL5_400422527CCS_F0040000CCAM04033P3.CSV,Beaulieu,66.1,+/-,5.4,1.1,0.64,+/-,0.4,0.01,20.4,+/-,3.7,0.3,0.5,+/-,1.6,0.3,1.2,+/-,1.5,0.1,4.8,+/-,1.6,0.2,4.11,+/-,0.71,0.37,0.38,+/-,0.62,0.05,98.1,3.14263,100A/95A/95A,2.78E+14
CL5_400422624CCS_F0040000CCAM04033P3.CSV,Beaulieu,50.9,+/-,5,1.1,1.05,+/-,0.5,0.04,13.4,+/-,3.6,1.1,20.3,+/-,4.3,0.4,3.6,+/-,1.7,0.3,5.8,+/-,1.9,0.3,3.32,+/-,0.64,0.34,0.33,+/-,0.6,0.04,98.71,3.14263,100A/95A/95A,5.39E+14
CL5_401308018CCS_F0041632CCAM03043P3.CSV,Kam,53.9,+/-,5.1,0.5,0.78,+/-,0.44,0.01,17.4,+/-,3.7,0.7,9.6,+/-,2.6,0.9,2.9,+/-,1.6,0.2,10.8,+/-,3,0.4,5.33,+/-,0.95,0.29,0.69,+/-,0.74,0.05,101.35,3.47127,100A/95A/95A,5.55E+14
CL5_401308095CCS_F0041632CCAM03043P3.CSV,Kam,43,+/-,5.1,1.7,1.08,+/-,0.51,0.18,9.6,+/-,3.5,1,19.2,+/-,4.1,0.4,6.3,+/-,2,1.6,7.6,+/-,2.4,0.9,1.97,+/-,0.63,0.33,0.22,+/-,0.56,0.08,88.97,3.47127,100A/95A/95A,5.34E+14
CL5_401308172CCS_F0041632CCAM03043P3.CSV,Kam,50.6,+/-,5,1,0.92,+/-,0.48,0.1,18.7,+/-,3.7,1.8,15.8,+/-,3.5,1,6.3,+/-,2,0.5,9.3,+/-,2.8,0.3,3.09,+/-,0.63,0.33,0.41,+/-,0.63,0.09,105.08,3.47127,100A/95A/95A,2.08E+14
CL5_401308287CCS_F0041632CCAM03043P3.CSV,Kam,46,+/-,5,0.6,1.2,+/-,0.54,0.03,10.6,+/-,3.5,0.3,20.4,+/-,4.3,0.4,5,+/-,1.9,0.1,7,+/-,2.3,0.1,3.13,+/-,0.63,0.08,0.4,+/-,0.62,0.02,93.86,3.47127,100A/95A/95A,7.09E+14
CL5_401308364CCS_F0041632CCAM03043P3.CSV,Kam,55.6,+/-,5.1,0.5,0.23,+/-,0.26,0.27,22.4,+/-,3.8,0.2,0.2,+/-,1.6,0.5,2.1,+/-,1.6,0.1,10.1,+/-,2.9,0.1,6.33,+/-,1.06,0.13,0.56,+/-,0.68,0.04,97.49,3.47127,100A/95A/95A,3.99E+14
CL5_401308441CCS_F0041632CCAM03043P3.CSV,Kam,52.1,+/-,5,1.6,0.77,+/-,0.44,0.07,18.7,+/-,3.7,1.4,13.3,+/-,3.1,1.8,3.2,+/-,1.7,0.6,9,+/-,2.7,0.6,4.35,+/-,0.75,0.68,0.35,+/-,0.61,0.04,101.75,3.47127,100A/95A/95A,2.53E+14
CL5_401308557CCS_F0041632CCAM03043P3.CSV,Kam,52.7,+/-,5,0.5,0,+/-,0.2,0.1,27.7,+/-,4,0.5,0,+/-,1.6,0,0.3,+/-,1.4,0.1,11,+/-,3,0.1,6.77,+/-,1.11,0.17,1.32,+/-,1,0.07,99.82,3.47127,100A/95A/95A,1.46E+14
CL5_401308634CCS_F0041632CCAM03043P3.CSV,Kam,40.5,+/-,5.4,5,0.91,+/-,0.47,0.31,9.3,+/-,3.5,0.9,21.1,+/-,4.4,1,7.8,+/-,2.2,0.8,6.1,+/-,2,0.6,2.12,+/-,0.62,0.37,0.4,+/-,0.62,0.15,88.25,3.47127,100A/95A/95A,9.74E+13
CL5_401308712CCS_F0041632CCAM03043P3.CSV,Kam,55,+/-,5.1,0.4,0.92,+/-,0.48,0.02,21.3,+/-,3.7,0.5,10.2,+/-,2.7,0.8,0.8,+/-,1.5,0.1,7.7,+/-,2.4,0.1,6.96,+/-,1.13,0.1,1.37,+/-,1.02,0.09,104.26,3.47127,100A/95A/95A,2.77E+14
CL5_401484238CCS_F0042002CCAM01045P3.CSV,Jake,48.9,+/-,4.9,0.7,0.63,+/-,0.4,0.01,16.5,+/-,3.7,1.5,21.4,+/-,4.4,0.3,7.3,+/-,2.2,0.6,1.8,+/-,1,0.3,4.97,+/-,0.88,0.41,0.92,+/-,0.83,0.08,102.35,3.88307,100A/95A/95A,5.81E+14
CL5_401484309CCS_F0042002CCAM01045P3.CSV,Jake,36.5,+/-,6,0.7,4.4,+/-,1.93,0.49,7,+/-,3.3,0.3,30.9,+/-,5.1,0.9,3.2,+/-,1.7,0.1,5.3,+/-,1.8,0.6,2.2,+/-,0.62,0.11,0.38,+/-,0.62,0.04,89.82,3.88307,100A/95A/95A,2.11E+15
CL5_401484379CCS_F0042002CCAM01045P3.CSV,Jake,53,+/-,5.1,0.6,1,+/-,0.49,0.06,18.9,+/-,3.7,0.2,13.9,+/-,3.2,1.2,1.2,+/-,1.5,0.1,5.3,+/-,1.8,0.2,6.66,+/-,1.1,0.47,1.39,+/-,1.02,0.2,101.42,3.87303,100A/95A/95A,5.59E+14
CL5_401484552CCS_F0042002CCAM01045P3.CSV,Jake,51.9,+/-,5,0.9,0.84,+/-,0.46,0.02,16.5,+/-,3.7,0.5,17.1,+/-,3.7,0.7,5,+/-,1.9,0.5,5.3,+/-,1.8,0.7,4.13,+/-,0.71,0.3,1.11,+/-,0.91,0.1,101.93,3.87303,100A/95A/95A,5.69E+14
CL5_401484623CCS_F0042002CCAM01045P3.CSV,Jake,46.2,+/-,5,0.8,0.83,+/-,0.46,0.02,12.6,+/-,3.6,0.9,18.3,+/-,3.9,0.4,5.6,+/-,1.9,0.1,9.4,+/-,2.8,0.7,3.07,+/-,0.63,0.22,0.67,+/-,0.73,0.06,96.71,3.8759,100A/95A/95A,7.29E+14
CL5_401752504CCS_F0042106CCAM01048P3.CSV,Jake_1,50.3,+/-,5,0.7,0.84,+/-,0.46,0.04,17.2,+/-,3.7,0.3,14.1,+/-,3.3,0.6,2.8,+/-,1.6,0.2,8.7,+/-,2.7,0.7,5.64,+/-,0.99,0.23,1.21,+/-,0.96,0.2,100.81,3.19452,100A/95A/95A,6.05E+14
CL5_401752575CCS_F0042106CCAM01048P3.CSV,Jake_1,41,+/-,5.3,0.5,1.77,+/-,0.69,0.1,12.8,+/-,3.6,0.8,21.4,+/-,4.4,0.7,3,+/-,1.7,0.1,6.8,+/-,2.2,0.4,4.47,+/-,0.78,0.16,0.81,+/-,0.79,0.12,92.12,3.19452,100A/95A/95A,1.11E+15
CL5_401752644CCS_F0042106CCAM01048P3.CSV,Jake_1,51.1,+/-,5,0.7,0.95,+/-,0.48,0.14,16.9,+/-,3.7,0.5,17.6,+/-,3.8,1.2,2.9,+/-,1.6,0.8,5.9,+/-,2,1.4,4.95,+/-,0.88,0.38,1.49,+/-,1.06,0.16,101.79,3.19452,100A/95A/95A,6.60E+14
CL5_401752758CCS_F0042106CCAM01048P3.CSV,Jake_1,43.4,+/-,5.1,1.3,0.88,+/-,0.47,0.1,10.7,+/-,3.5,1,18.5,+/-,4,0.8,4.5,+/-,1.8,0.3,11.4,+/-,3.1,0.5,3.47,+/-,0.65,0.31,0.64,+/-,0.71,0.07,93.52,3.19452,100A/95A/95A,8.19E+14
CL5_401752827CCS_F0042106CCAM01048P3.CSV,Jake_1,55,+/-,5.1,0.3,0.81,+/-,0.45,0.01,18.1,+/-,3.7,0.6,10.4,+/-,2.7,0.9,1.3,+/-,1.5,0.2,4.4,+/-,1.5,0.9,7.53,+/-,1.19,0.66,2.59,+/-,1.18,0.16,100.02,3.20137,100A/95A/95A,5.18E+14
CL5_401752999CCS_F0042106CCAM01048P3.CSV,Jake_1,41.4,+/-,5.3,0.5,1.39,+/-,0.59,0.06,13.7,+/-,3.6,1,21.3,+/-,4.4,0.6,3.1,+/-,1.7,0.1,9,+/-,2.7,0.5,4.32,+/-,0.75,0.32,0.57,+/-,0.69,0.1,94.74,3.20137,100A/95A/95A,1.10E+15
CL5_401753117CCS_F0042106CCAM01048P3.CSV,Jake_1,46.8,+/-,5,0.7,1.3,+/-,0.56,0.07,16.9,+/-,3.7,0.5,18.8,+/-,4,0.4,2.5,+/-,1.6,0.3,6.8,+/-,2.2,0.4,4.98,+/-,0.89,0.16,1.42,+/-,1.03,0.12,99.45,3.20137,100A/95A/95A,7.78E+14
CL5_401753186CCS_F0042106CCAM01048P3.CSV,Jake_1,41,+/-,5.3,1,1.27,+/-,0.56,0.05,11.7,+/-,3.6,0.6,20.4,+/-,4.3,0.3,4.1,+/-,1.8,0.1,9.2,+/-,2.8,0.6,3.94,+/-,0.69,0.22,0.5,+/-,0.66,0.06,92.14,3.20137,100A/95A/95A,9.54E+14
CL5_401753255CCS_F0042106CCAM01048P3.CSV,Jake_1,44.6,+/-,5,0.6,0.72,+/-,0.43,0.01,9,+/-,3.5,2.6,16.7,+/-,3.7,0.4,5.3,+/-,1.9,0.4,15.8,+/-,3.5,1.4,2.74,+/-,0.61,0.65,0.49,+/-,0.66,0.18,95.44,3.21812,100A/95A/95A,4.62E+14
CL5_401839931CCS_F0042644CCAM02049P3.CSV,Anton,53.5,+/-,5.1,0.5,1.03,+/-,0.5,0.09,16,+/-,3.7,0.5,15.3,+/-,3.4,0.4,2.6,+/-,1.6,0.1,6.1,+/-,2,0.5,5,+/-,0.89,0.18,1.03,+/-,0.88,0.12,100.64,3.08508,100A/95A/95A,5.24E+14
CL5_401840001CCS_F0042644CCAM02049P3.CSV,Anton,49.7,+/-,5,0.4,0.72,+/-,0.43,0.04,14.8,+/-,3.6,1,13.2,+/-,3.1,0.3,10.5,+/-,2.7,0.6,6.3,+/-,2.1,0.3,2.97,+/-,0.62,0.12,0.59,+/-,0.69,0.03,98.87,3.08508,100A/95A/95A,5.40E+14
CL5_401840070CCS_F0042644CCAM02049P3.CSV,Anton,46.9,+/-,5,0.6,1.51,+/-,0.62,0.06,11.8,+/-,3.6,0.3,17.3,+/-,3.8,0.4,7.2,+/-,2.1,0.2,6.6,+/-,2.2,0.3,3.55,+/-,0.66,0.08,0.72,+/-,0.75,0.03,95.64,3.08508,100A/95A/95A,8.61E+14
CL5_401840139CCS_F0042644CCAM02049P3.CSV,Anton,48.2,+/-,4.9,1.2,0.87,+/-,0.47,0.1,13.8,+/-,3.6,1.9,16.6,+/-,3.6,1.7,8.3,+/-,2.3,0.9,8,+/-,2.5,0.5,2.4,+/-,0.61,0.28,0.32,+/-,0.6,0.08,98.55,3.08508,100A/95A/95A,2.79E+14
CL5_401840209CCS_F0042644CCAM02049P3.CSV,Anton,53.7,+/-,5.1,0.5,0.76,+/-,0.44,0.01,18.8,+/-,3.7,0.3,11.4,+/-,2.9,0.6,0.9,+/-,1.5,0.1,6.7,+/-,2.2,0.1,6.53,+/-,1.08,0.2,0.56,+/-,0.68,0.03,99.25,3.08508,100A/95A/95A,4.20E+14
CL5_401928245CCS_F0042778CCAM01050P3.CSV,Akaitcho,42.9,+/-,5.2,2.1,0.84,+/-,0.46,0.18,9.4,+/-,3.5,1.7,17.8,+/-,3.8,1.1,6.7,+/-,2.1,0.7,9.1,+/-,2.8,0.9,1.95,+/-,0.63,0.58,0.37,+/-,0.61,0.18,89,2.66078,100A/95A/95A,4.63E+14
CL5_401928321CCS_F0042778CCAM01050P3.CSV,Akaitcho,42.8,+/-,5.2,1.3,1.16,+/-,0.53,0.21,10.6,+/-,3.5,2.6,19.9,+/-,4.2,1.1,5.5,+/-,1.9,1.8,6.4,+/-,2.1,0.4,2.24,+/-,0.62,0.45,0.48,+/-,0.65,0.26,89.05,2.66078,100A/95A/95A,5.69E+14
CL5_401928397CCS_F0042778CCAM01050P3.CSV,Akaitcho,44.3,+/-,5.1,1.3,0.99,+/-,0.49,0.09,8.6,+/-,3.5,0.6,18.7,+/-,4,0.3,9.9,+/-,2.6,0.4,5.5,+/-,1.8,0.7,1.88,+/-,0.64,0.15,0.14,+/-,0.54,0.03,89.9,2.66078,100A/95A/95A,5.17E+14
CL5_401928508CCS_F0042778CCAM01050P3.CSV,Akaitcho,43.7,+/-,5.1,3.5,0.83,+/-,0.46,0.11,9.9,+/-,3.5,3.9,18.2,+/-,3.9,2.2,7.4,+/-,2.2,0.8,8.1,+/-,2.5,1.2,2.09,+/-,0.63,0.73,0.31,+/-,0.59,0.08,90.44,2.66078,100A/95A/95A,4.68E+14
CL5_401928583CCS_F0042778CCAM01050P3.CSV,Akaitcho,45.3,+/-,5,4.1,0.96,+/-,0.49,0.23,10.1,+/-,3.5,1.2,19.9,+/-,4.2,0.9,6.3,+/-,2,1,7,+/-,2.3,0.9,2.5,+/-,0.61,0.47,0.4,+/-,0.62,0.12,92.37,2.66828,100A/95A/95A,4.39E+14
CL5_401928761CCS_F0042778CCAM01050P3.CSV,Akaitcho,42.9,+/-,5.2,1.3,1.2,+/-,0.54,0.21,9.2,+/-,3.5,0.9,20.2,+/-,4.3,0.7,4.9,+/-,1.8,1.5,7.8,+/-,2.5,0.9,2.28,+/-,0.62,0.26,0.23,+/-,0.57,0.07,88.73,2.66828,100A/95A/95A,6.86E+14
CL5_401928872CCS_F0042778CCAM01050P3.CSV,Akaitcho,48.6,+/-,4.9,3.5,1.12,+/-,0.52,0.12,12.3,+/-,3.6,2.2,17.4,+/-,3.8,1.2,5.5,+/-,1.9,0.9,5.3,+/-,1.8,0.8,2.87,+/-,0.62,0.57,1.28,+/-,0.98,0.57,94.41,2.66828,100A/95A/95A,5.92E+14
CL5_401928948CCS_F0042778CCAM01050P3.CSV,Akaitcho,40.5,+/-,5.4,1.6,1.05,+/-,0.5,0.15,7.8,+/-,3.4,0.9,20.8,+/-,4.3,1.1,5.9,+/-,2,1.7,5.8,+/-,1.9,1.1,2.17,+/-,0.62,0.23,0.48,+/-,0.65,0.18,84.5,2.66828,100A/95A/95A,8.36E+14
CL5_401929025CCS_F0042778CCAM01050P3.CSV,Akaitcho,49.3,+/-,5,1.1,1.14,+/-,0.52,0.08,12.1,+/-,3.6,0.9,17.2,+/-,3.7,0.5,6.1,+/-,2,0.2,6.2,+/-,2,0.4,3.47,+/-,0.65,0.32,0.59,+/-,0.69,0.08,96.19,2.6601,100A/95A/95A,5.96E+14
CL5_402372930CCS_F0043232CCAM01055P3.CSV,Bathurst,41.2,+/-,5.3,1,1.18,+/-,0.53,0.11,7.1,+/-,3.3,0.3,20.1,+/-,4.2,0.2,10.2,+/-,2.6,0.5,5.5,+/-,1.8,0.7,1.85,+/-,0.64,0.09,1.86,+/-,1.15,0.14,89.08,2.52397,100A/95A/95A,1.24E+15
CL5_402373071CCS_F0043232CCAM01055P3.CSV,Bathurst,42.8,+/-,5.2,0.8,1.31,+/-,0.57,0.14,7.3,+/-,3.3,0.3,20,+/-,4.2,0.2,11.7,+/-,2.9,0.8,3.9,+/-,1.4,0.6,2.13,+/-,0.62,0.1,1.98,+/-,1.16,0.16,91.09,2.52397,100A/95A/95A,1.20E+15
CL5_402549621CCS_F0043474CCAM01057P3.CSV,Rocknest3,43.9,+/-,5.1,1,2.09,+/-,0.78,0.19,9.2,+/-,3.5,0.3,27.1,+/-,4.8,1.3,4,+/-,1.7,0.1,2.5,+/-,1.1,0.3,3.31,+/-,0.64,0.13,0.95,+/-,0.85,0.11,93.06,3.71382,100A/95A/95A,1.70E+15
CL5_402549698CCS_F0043474CCAM01057P3.CSV,Rocknest3,43.3,+/-,5.1,0.5,2.13,+/-,0.79,0.09,8.7,+/-,3.5,0.2,26.8,+/-,4.8,0.6,4,+/-,1.7,0.1,2.7,+/-,1.1,0.2,3.54,+/-,0.65,0.11,1.19,+/-,0.95,0.08,92.34,3.71382,100A/95A/95A,1.23E+15
CL5_402549774CCS_F0043474CCAM01057P3.CSV,Rocknest3,47.8,+/-,4.9,1.2,1.67,+/-,0.66,0.12,12.5,+/-,3.6,1.6,19.7,+/-,4.2,0.4,3.4,+/-,1.7,0.4,6.4,+/-,2.1,1.1,3.72,+/-,0.67,0.32,1.38,+/-,1.02,0.13,96.72,3.71382,100A/95A/95A,1.10E+15
CL5_402549850CCS_F0043474CCAM01057P3.CSV,Rocknest3,44.8,+/-,5,1.5,2.04,+/-,0.76,0.18,9.7,+/-,3.5,0.8,21.6,+/-,4.4,0.8,3.9,+/-,1.7,0.2,7.2,+/-,2.3,1,3.14,+/-,0.63,0.28,1.06,+/-,0.89,0.18,93.44,3.71382,100A/95A/95A,1.26E+15
CL5_402549926CCS_F0043474CCAM01057P3.CSV,Rocknest3,46.8,+/-,5,0.9,2.42,+/-,0.9,0.16,11.3,+/-,3.5,0.6,22.2,+/-,4.5,1,3.5,+/-,1.7,0.2,3.5,+/-,1.3,0.5,3.36,+/-,0.64,0.22,1.11,+/-,0.91,0.21,94.13,3.71382,100A/95A/95A,1.38E+15
CL5_402727523CCS_F0050000CCAM01059P3.CSV,Rocknest7,47.7,+/-,4.9,4.2,0.91,+/-,0.47,0.15,9.3,+/-,3.5,1.4,18.8,+/-,4,1.7,5.6,+/-,1.9,1.7,6.2,+/-,2.1,0.8,2.82,+/-,0.61,0.9,0.78,+/-,0.77,0.38,92.18,2.30808,100A/60A/60A,3.89E+14
CL5_402727597CCS_F0050000CCAM01059P3.CSV,Rocknest7,47.2,+/-,5,2.4,0.71,+/-,0.42,0.08,7.7,+/-,3.4,0.5,19.4,+/-,4.1,1.2,12.8,+/-,3,1.3,6.2,+/-,2,0.9,1.82,+/-,0.64,0.29,0.17,+/-,0.55,0.06,95.83,2.30808,100A/60A/60A,2.05E+14
CL5_402727667CCS_F0050000CCAM01059P3.CSV,Rocknest7,46,+/-,5,1.2,0.74,+/-,0.43,0.02,9.6,+/-,3.5,0.6,16.7,+/-,3.7,0.8,12.1,+/-,2.9,0.4,5.9,+/-,1.9,0.2,2.59,+/-,0.61,0.18,0.38,+/-,0.62,0.05,93.91,2.30808,100A/60A/60A,3.95E+14
CL5_402727737CCS_F0050000CCAM01059P3.CSV,Rocknest7,47,+/-,5,3.3,0.96,+/-,0.49,0.09,9.6,+/-,3.5,1.4,19.1,+/-,4.1,1.2,7.4,+/-,2.2,0.6,5.8,+/-,1.9,0.8,2.09,+/-,0.63,0.34,0.31,+/-,0.59,0.09,92.32,2.30808,100A/60A/60A,2.56E+14
CL5_402727807CCS_F0050000CCAM01059P3.CSV,Rocknest7,48,+/-,4.9,0.4,0.99,+/-,0.49,0.02,11.5,+/-,3.5,0.6,19.8,+/-,4.2,0.3,4.7,+/-,1.8,0.5,6.2,+/-,2,0.4,3.81,+/-,0.68,0.16,0.36,+/-,0.61,0.03,95.3,2.30808,100A/60A/60A,3.78E+14
CL5_402894305CCS_F0050104CCAM01060P3.CSV,Pearson,42.6,+/-,5.2,1.1,1.95,+/-,0.74,0.12,7.6,+/-,3.4,0.2,31.8,+/-,5.2,1.3,3.3,+/-,1.7,0.1,1.8,+/-,1,0.2,3.24,+/-,0.64,0.13,1.28,+/-,0.98,0.08,93.55,3.62639,100A/95A/95A,1.03E+15
CL5_402894375CCS_F0050104CCAM01060P3.CSV,Pearson,42.6,+/-,5.2,1,2.17,+/-,0.8,0.09,6.5,+/-,3.2,0.3,29.2,+/-,5,0.7,3.1,+/-,1.7,0.1,2,+/-,1,0.3,2.87,+/-,0.62,0.12,1,+/-,0.87,0.11,89.53,3.62639,100A/95A/95A,1.33E+15
CL5_402894445CCS_F0050104CCAM01060P3.CSV,Pearson,41.9,+/-,5.3,0.7,1.18,+/-,0.53,0.11,5.8,+/-,3.2,0.2,23.1,+/-,4.5,1,4,+/-,1.7,0.2,9.6,+/-,2.8,0.7,2.3,+/-,0.61,0.14,0.82,+/-,0.79,0.07,88.7,3.62639,100A/95A/95A,9.08E+14
CL5_402894557CCS_F0050104CCAM01060P3.CSV,Pearson,27.3,+/-,7.1,1.9,1.06,+/-,0.51,0.07,6.4,+/-,3.2,0.4,31.7,+/-,5.2,1,2,+/-,1.6,0.3,15,+/-,3.4,1.3,1.78,+/-,0.64,0.12,0.72,+/-,0.75,0.1,85.95,3.62639,100A/95A/95A,1.12E+15
CL5_402894627CCS_F0050104CCAM01060P3.CSV,Pearson,38.5,+/-,5.7,0.9,2.42,+/-,0.9,0.13,7.2,+/-,3.3,0.3,34.1,+/-,5.3,1,2.6,+/-,1.6,0.1,1.7,+/-,1,0.2,2.83,+/-,0.62,0.12,0.73,+/-,0.75,0.1,90.11,3.64025,100A/95A/95A,1.28E+15
CL5_402894802CCS_F0050104CCAM01060P3.CSV,Pearson,42.7,+/-,5.2,0.6,1.61,+/-,0.65,0.1,5.8,+/-,3.2,0.6,27.8,+/-,4.9,0.9,5,+/-,1.9,0.2,3.3,+/-,1.3,0.4,2.6,+/-,0.61,0.11,0.61,+/-,0.7,0.08,89.5,3.64025,100A/95A/95A,1.27E+15
CL5_402894916CCS_F0050104CCAM01060P3.CSV,Pearson,41.4,+/-,5.3,1.3,1.87,+/-,0.72,0.25,7,+/-,3.3,0.2,30.8,+/-,5.1,1.3,2.8,+/-,1.6,0.1,3.1,+/-,1.2,0.7,2.97,+/-,0.62,0.12,1.09,+/-,0.91,0.06,91.16,3.64025,100A/95A/95A,1.10E+15
CL5_402894987CCS_F0050104CCAM01060P3.CSV,Pearson,30,+/-,6.9,1.3,1.13,+/-,0.52,0.03,7.6,+/-,3.4,0.3,27.9,+/-,4.9,0.9,1.9,+/-,1.6,0,16,+/-,3.5,0.9,2.2,+/-,0.62,0.15,0.78,+/-,0.77,0.08,87.65,3.64025,100A/95A/95A,9.45E+14
CL5_402895057CCS_F0050104CCAM01060P3.CSV,Pearson,38.3,+/-,5.7,1.1,1.83,+/-,0.71,0.11,8,+/-,3.4,0.2,27.7,+/-,4.9,0.9,3.4,+/-,1.7,0.1,6,+/-,2,0.4,3.13,+/-,0.63,0.14,0.8,+/-,0.78,0.07,89.16,3.64025,100A/95A/95A,8.41E+14
CL5_403364371CCS_F0050104CCAM01066P3.CSV,NAu-2_Hi-S,40.1,+/-,5.5,0.9,0.66,+/-,0.41,0.04,6,+/-,3.2,0.1,20.1,+/-,4.2,1.2,1.8,+/-,1.5,0.1,10.2,+/-,2.9,0.4,0.97,+/-,0.55,0.01,0.1,+/-,0.53,0,79.87,1.59377,100A/60A/60A,3.44E+14
CL5_403364488CCS_F0050104CCAM01066P3.CSV,NAu-2_Med-S,42.1,+/-,5.2,0.4,0.66,+/-,0.41,0.01,6.4,+/-,3.2,0.1,16.6,+/-,3.7,0.5,2.3,+/-,1.6,0.2,12.1,+/-,3.2,0.7,1.11,+/-,0.59,0.05,0.16,+/-,0.55,0.01,81.41,1.58982,100A/60A/60A,3.64E+14
CL5_403364605CCS_F0050104CCAM01066P3.CSV,NAu-2_Low-S,45.3,+/-,5,1.5,0.71,+/-,0.42,0.01,7.8,+/-,3.4,0.1,16.8,+/-,3.7,0.4,2.8,+/-,1.6,0.1,9.4,+/-,2.8,0.5,1.43,+/-,0.64,0.06,0.28,+/-,0.58,0.01,84.5,1.58982,100A/60A/60A,3.46E+14
CL5_403364722CCS_F0050104CCAM01066P3.CSV,Kga-d_Med-S,41.5,+/-,5.3,0.3,1.29,+/-,0.56,0.13,20.4,+/-,3.7,0.4,8.4,+/-,2.4,0.5,3.4,+/-,1.7,0.2,15.3,+/-,3.4,0.5,1.04,+/-,0.57,0.04,0.21,+/-,0.56,0.01,91.56,1.58786,100A/60A/60A,2.67E+14
CL5_403515721CCS_F0050104CCAM02067P3.CSV,Pearson_1,37.3,+/-,5.8,2,2.39,+/-,0.89,0.09,7.1,+/-,3.3,0.3,29.6,+/-,5,1.1,3.7,+/-,1.7,0.1,1.8,+/-,1,0.3,2.81,+/-,0.61,0.11,1.08,+/-,0.9,0.07,85.73,3.69287,100A/95A/95A,8.61E+14
CL5_403515792CCS_F0050104CCAM02067P3.CSV,Pearson_1,39,+/-,5.6,0.6,2.93,+/-,1.15,0.1,6.7,+/-,3.3,0.3,33.2,+/-,5.3,1,2.5,+/-,1.6,0.1,1.9,+/-,1,0.3,2.6,+/-,0.61,0.08,0.86,+/-,0.81,0.05,89.65,3.69287,100A/95A/95A,1.49E+15
CL5_403515862CCS_F0050104CCAM02067P3.CSV,Pearson_1,38.7,+/-,5.6,1,2.72,+/-,1.04,0.12,7.5,+/-,3.4,0.3,31.5,+/-,5.2,1.5,2.2,+/-,1.6,0.1,1.8,+/-,1,0.2,2.98,+/-,0.62,0.12,1.17,+/-,0.94,0.11,88.49,3.69287,100A/95A/95A,1.42E+15
CL5_403515984CCS_F0050104CCAM02067P3.CSV,Pearson_1,47.4,+/-,4.9,1.5,1.42,+/-,0.59,0.19,9,+/-,3.5,0.7,23.4,+/-,4.6,1.8,4.4,+/-,1.8,0.3,3,+/-,1.2,0.5,3.52,+/-,0.65,0.4,1.19,+/-,0.95,0.16,93.34,3.69287,100A/95A/95A,8.02E+14
CL5_403516054CCS_F0050104CCAM02067P3.CSV,Pearson_1,39.6,+/-,5.5,0.8,1.84,+/-,0.71,0.09,6.3,+/-,3.2,0.3,31.8,+/-,5.2,0.8,2.9,+/-,1.6,0,3.7,+/-,1.4,0.3,2.64,+/-,0.61,0.14,0.81,+/-,0.79,0.07,89.58,3.7007,100A/95A/95A,9.64E+14
CL5_403516230CCS_F0050104CCAM02067P3.CSV,Pearson_1,44.7,+/-,5,2.2,2.45,+/-,0.91,0.2,7.2,+/-,3.3,0.3,31.3,+/-,5.1,1.4,3.2,+/-,1.7,0.1,0.5,+/-,0.8,0.2,2.62,+/-,0.61,0.19,0.86,+/-,0.81,0.06,92.88,3.7007,100A/95A/95A,1.21E+15
CL5_403516351CCS_F0050104CCAM02067P3.CSV,Pearson_1,43.6,+/-,5.1,0.7,1.77,+/-,0.69,0.12,9.1,+/-,3.5,0.4,26.2,+/-,4.8,1.2,3.9,+/-,1.7,0.2,4.5,+/-,1.5,0.4,2.82,+/-,0.61,0.11,0.76,+/-,0.76,0.07,92.65,3.7007,100A/95A/95A,8.26E+14
CL5_403516421CCS_F0050104CCAM02067P3.CSV,Pearson_1,43.3,+/-,5.1,1.2,1.92,+/-,0.73,0.1,8.1,+/-,3.4,0.3,30.1,+/-,5.1,1.3,3.2,+/-,1.7,0.1,2.4,+/-,1.1,0.6,3,+/-,0.62,0.14,0.97,+/-,0.85,0.09,92.99,3.7007,100A/95A/95A,1.10E+15
CL5_403516491CCS_F0050104CCAM02067P3.CSV,Pearson_1,39.2,+/-,5.6,0.8,1.7,+/-,0.67,0.11,7.8,+/-,3.4,0.2,33.2,+/-,5.3,1.9,3.3,+/-,1.7,0.3,4.1,+/-,1.4,0.7,2.78,+/-,0.61,0.11,0.73,+/-,0.75,0.15,92.83,3.72042,100A/95A/95A,1.02E+15
CL5_403692349CCS_F0050104CCAM01069P3.CSV,Snare,46.2,+/-,5,1.4,1.2,+/-,0.54,0.03,8.5,+/-,3.4,0.4,22.9,+/-,4.5,1.4,4.1,+/-,1.8,0.3,2.2,+/-,1,0.6,3.22,+/-,0.63,0.19,1.1,+/-,0.91,0.14,89.41,2.87912,100A/95A/95A,1.21E+15
CL5_403692423CCS_F0050104CCAM01069P3.CSV,Snare,46.1,+/-,5,1.5,1.32,+/-,0.57,0.07,9,+/-,3.5,0.6,22.5,+/-,4.5,1.2,3.3,+/-,1.7,0.2,3.4,+/-,1.3,0.7,3.15,+/-,0.63,0.22,1.15,+/-,0.93,0.18,90.06,2.87912,100A/95A/95A,1.27E+15
CL5_403692491CCS_F0050104CCAM01069P3.CSV,Snare,42.4,+/-,5.2,1.6,1.62,+/-,0.65,0.1,8.2,+/-,3.4,0.4,25.7,+/-,4.7,1.4,2.7,+/-,1.6,0.1,4.7,+/-,1.6,0.5,2.98,+/-,0.62,0.28,1.04,+/-,0.88,0.24,89.3,2.87912,100A/95A/95A,1.27E+15
CL5_403692559CCS_F0050104CCAM01069P3.CSV,Snare,44.5,+/-,5,1.2,1.57,+/-,0.64,0.09,7.6,+/-,3.4,0.4,23.3,+/-,4.6,1.3,3.5,+/-,1.7,0.3,2.4,+/-,1.1,0.7,3.06,+/-,0.63,0.12,1.05,+/-,0.89,0.1,86.95,2.87912,100A/95A/95A,1.15E+15
CL5_403692627CCS_F0050104CCAM01069P3.CSV,Snare,41.5,+/-,5.3,0.8,2.07,+/-,0.77,0.08,8.9,+/-,3.5,0.3,25.8,+/-,4.7,0.9,2.5,+/-,1.6,0.2,3.8,+/-,1.4,0.8,3.14,+/-,0.63,0.28,0.99,+/-,0.86,0.21,88.7,2.87912,100A/95A/95A,1.37E+15
CL5_403792121CCS_F0050104CCAM01071P3.CSV,Rocknest6,38.3,+/-,5.7,1.1,1.4,+/-,0.59,0.07,8.5,+/-,3.4,0.2,30.5,+/-,5.1,1.4,3.9,+/-,1.7,0.1,6,+/-,2,0.4,2.71,+/-,0.61,0.11,0.63,+/-,0.71,0.04,91.89,2.62522,100A/95A/95A,5.49E+14
CL5_403792191CCS_F0050104CCAM01071P3.CSV,Rocknest6,35.5,+/-,6.1,1,1.57,+/-,0.64,0.04,8.6,+/-,3.5,0.2,34.4,+/-,5.4,0.9,3.3,+/-,1.7,0.1,4.5,+/-,1.6,0.3,2.84,+/-,0.62,0.09,0.78,+/-,0.77,0.05,91.53,2.62522,100A/95A/95A,6.79E+14
CL5_403792259CCS_F0050104CCAM01071P3.CSV,Rocknest6,36.6,+/-,6,1.1,1.29,+/-,0.56,0.04,9.4,+/-,3.5,0.3,34.5,+/-,5.4,1,3.3,+/-,1.7,0.1,3.4,+/-,1.3,0.4,3.02,+/-,0.62,0.09,0.79,+/-,0.78,0.06,92.26,2.62522,100A/95A/95A,4.02E+14
CL5_403792376CCS_F0050104CCAM01071P3.CSV,Rocknest6,40.6,+/-,5.4,0.6,1.2,+/-,0.54,0.03,9.9,+/-,3.5,0.4,26.1,+/-,4.8,0.9,3.5,+/-,1.7,0.1,6,+/-,2,0.4,3.18,+/-,0.63,0.09,0.91,+/-,0.83,0.06,91.38,2.62522,100A/95A/95A,1.01E+15
CL5_403792444CCS_F0050104CCAM01071P3.CSV,Rocknest6,41.2,+/-,5.3,0.9,1.19,+/-,0.54,0.03,8.7,+/-,3.5,0.2,23.7,+/-,4.6,0.8,4,+/-,1.7,0.1,7.1,+/-,2.3,0.5,3.3,+/-,0.64,0.23,0.82,+/-,0.79,0.09,89.97,2.60616,100A/95A/95A,7.54E+14
CL5_403792617CCS_F0050104CCAM01071P3.CSV,Rocknest6,38.3,+/-,5.7,1.3,1.34,+/-,0.57,0.03,8,+/-,3.4,0.2,27.1,+/-,4.8,1.1,3.8,+/-,1.7,0.1,5.7,+/-,1.9,0.3,2.59,+/-,0.61,0.15,0.45,+/-,0.64,0.03,87.24,2.60616,100A/95A/95A,1.03E+15
CL5_403792732CCS_F0050104CCAM01071P3.CSV,Rocknest6,40.1,+/-,5.5,1.2,1.34,+/-,0.57,0.12,11.2,+/-,3.5,0.5,36.1,+/-,5.5,1.6,2.8,+/-,1.6,0.2,2.8,+/-,1.1,0.4,4.04,+/-,0.7,0.31,0.94,+/-,0.84,0.08,99.14,2.60616,100A/95A/95A,4.90E+14
CL5_403792801CCS_F0050104CCAM01071P3.CSV,Rocknest6,36.2,+/-,6,1.2,1.65,+/-,0.66,0.09,9,+/-,3.5,0.1,39.1,+/-,5.7,1.2,3,+/-,1.6,0.1,3.3,+/-,1.2,0.3,3.07,+/-,0.63,0.16,0.65,+/-,0.72,0.06,95.85,2.60616,100A/95A/95A,7.08E+14
CL5_403792869CCS_F0050104CCAM01071P3.CSV,Rocknest6,40.2,+/-,5.4,1,1.31,+/-,0.57,0.1,8.6,+/-,3.4,0.3,28.2,+/-,4.9,1.1,3.4,+/-,1.7,0.5,3.3,+/-,1.3,1.2,2.9,+/-,0.62,0.15,0.55,+/-,0.68,0.06,88.38,2.6372,100A/95A/95A,1.02E+15
CL5_403793372CCS_F0050104CCAM02071P3.CSV,Zephyr,43.4,+/-,5.1,1.1,1.32,+/-,0.57,0.12,7,+/-,3.3,0.8,20.6,+/-,4.3,0.5,5.1,+/-,1.9,0.3,6.4,+/-,2.1,0.6,2.21,+/-,0.62,0.15,0.56,+/-,0.68,0.1,86.59,2.66283,100A/95A/95A,9.19E+14
CL5_403793442CCS_F0050104CCAM02071P3.CSV,Zephyr,49.4,+/-,5,1.8,1.87,+/-,0.72,0.15,10.4,+/-,3.5,0.5,19.9,+/-,4.2,0.8,3.4,+/-,1.7,0.2,3.5,+/-,1.3,0.7,3.34,+/-,0.64,0.31,1.34,+/-,1.01,0.21,93.1,2.66283,100A/95A/95A,8.82E+14
CL5_403793510CCS_F0050104CCAM02071P3.CSV,Zephyr,45.6,+/-,5,2.7,1.39,+/-,0.59,0.33,8.5,+/-,3.4,0.3,21.6,+/-,4.4,0.8,6.4,+/-,2,0.8,3.2,+/-,1.2,2,2.53,+/-,0.61,0.44,0.58,+/-,0.69,0.22,89.9,2.66283,100A/95A/95A,7.10E+14
CL5_403793625CCS_F0050104CCAM02071P3.CSV,Zephyr,49.5,+/-,5,1.3,2.83,+/-,1.1,0.18,9.2,+/-,3.5,0.4,19.9,+/-,4.2,0.2,4.1,+/-,1.8,0.2,3.4,+/-,1.3,0.6,3.99,+/-,0.7,0.12,1.91,+/-,1.15,0.13,94.8,2.66283,100A/95A/95A,4.86E+14
CL5_403793694CCS_F0050104CCAM02071P3.CSV,Zephyr,44.5,+/-,5,1.2,2.87,+/-,1.12,0.33,7.4,+/-,3.3,0.5,20.4,+/-,4.3,0.6,4.4,+/-,1.8,0.2,3.2,+/-,1.2,0.5,3.16,+/-,0.63,0.21,1.2,+/-,0.95,0.11,87.12,2.66828,100A/95A/95A,8.21E+14
CL5_403793868CCS_F0050104CCAM02071P3.CSV,Zephyr,45.6,+/-,5,1,2.28,+/-,0.84,0.1,8.3,+/-,3.4,0.2,21.3,+/-,4.4,0.5,4.8,+/-,1.8,0.3,3.4,+/-,1.3,0.7,3.41,+/-,0.65,0.12,1.47,+/-,1.05,0.11,90.65,2.66828,100A/95A/95A,8.32E+14
CL5_403793982CCS_F0050104CCAM02071P3.CSV,Zephyr,43.5,+/-,5.1,3.1,0.89,+/-,0.47,0.14,9.3,+/-,3.5,1,18.8,+/-,4,0.7,7.5,+/-,2.2,1,6.7,+/-,2.2,0.6,1.84,+/-,0.64,0.44,0.13,+/-,0.54,0.03,88.65,2.66828,100A/95A/95A,4.66E+14
CL5_403794051CCS_F0050104CCAM02071P3.CSV,Zephyr,43.4,+/-,5.1,2,1.56,+/-,0.63,0.32,7.9,+/-,3.4,0.5,21.1,+/-,4.4,0.6,5.5,+/-,1.9,1.4,4.5,+/-,1.6,0.9,2.1,+/-,0.62,0.33,0.54,+/-,0.67,0.21,86.63,2.66828,100A/95A/95A,6.18E+14
CL5_403794119CCS_F0050104CCAM02071P3.CSV,Zephyr,43.8,+/-,5.1,2.5,0.95,+/-,0.48,0.23,9.1,+/-,3.5,0.6,18.3,+/-,3.9,0.9,7.4,+/-,2.2,1.2,7.3,+/-,2.4,0.7,2.04,+/-,0.63,0.35,0.27,+/-,0.58,0.16,89.2,2.68341,100A/95A/95A,4.69E+14
CL5_403794567CCS_F0050104CCAM03071P3.CSV,Peg,48.8,+/-,4.9,1.8,1.6,+/-,0.64,0.15,12.7,+/-,3.6,0.7,20,+/-,4.2,0.4,3.2,+/-,1.7,0.3,3.9,+/-,1.4,0.7,3.7,+/-,0.67,0.38,1.26,+/-,0.97,0.24,95.24,3.76047,100A/95A/95A,6.19E+14
CL5_403794643CCS_F0050104CCAM03071P3.CSV,Peg,47.4,+/-,4.9,0.8,1.66,+/-,0.66,0.15,12.1,+/-,3.6,0.6,21.7,+/-,4.4,0.7,3.2,+/-,1.7,0.2,4,+/-,1.4,0.6,4.09,+/-,0.71,0.11,1.77,+/-,1.13,0.07,95.9,3.76047,100A/95A/95A,5.31E+14
CL5_403794718CCS_F0050104CCAM03071P3.CSV,Peg,46.5,+/-,5,1.1,2.2,+/-,0.81,0.13,13.4,+/-,3.6,0.9,22.5,+/-,4.5,1.3,2.9,+/-,1.6,0.2,3.7,+/-,1.3,0.4,4.21,+/-,0.73,0.24,1.77,+/-,1.13,0.19,97.16,3.76047,100A/95A/95A,5.08E+14
CL5_403794834CCS_F0050104CCAM03071P3.CSV,Peg,39.8,+/-,5.5,1.5,2.15,+/-,0.8,0.4,9.2,+/-,3.5,0.5,24.4,+/-,4.6,1.8,3.2,+/-,1.7,0.3,7,+/-,2.3,1.9,2.56,+/-,0.61,0.08,0.68,+/-,0.73,0.06,89.03,3.76047,100A/95A/95A,1.08E+15
CL5_403794910CCS_F0050104CCAM03071P3.CSV,Peg,46.2,+/-,5,0.7,1.46,+/-,0.61,0.08,9.2,+/-,3.5,1.2,20.2,+/-,4.3,0.8,3.7,+/-,1.7,0.2,6.6,+/-,2.2,0.6,2.98,+/-,0.62,0.17,0.85,+/-,0.8,0.18,91.26,3.75239,100A/95A/95A,8.42E+14
CL5_403795060CCS_F0050104CCAM03071P3.CSV,Peg,48.4,+/-,4.9,0.5,1.76,+/-,0.69,0.1,9.7,+/-,3.5,0.5,21.5,+/-,4.4,0.2,3.9,+/-,1.7,0.1,3.1,+/-,1.2,0.2,3.86,+/-,0.68,0.15,1.75,+/-,1.13,0.13,94,3.75239,100A/95A/95A,6.50E+14
CL5_403795177CCS_F0050104CCAM03071P3.CSV,Peg,50.2,+/-,5,0.6,1.31,+/-,0.57,0.03,11.1,+/-,3.5,0.3,19.5,+/-,4.1,0.2,4.2,+/-,1.8,0.1,7.4,+/-,2.4,0.5,3.68,+/-,0.66,0.13,1.4,+/-,1.03,0.08,98.71,3.75239,100A/95A/95A,7.10E+14
CL5_403795252CCS_F0050104CCAM03071P3.CSV,Peg,47,+/-,5,0.9,1.98,+/-,0.75,0.08,9.9,+/-,3.5,0.4,20.3,+/-,4.3,0.6,3.3,+/-,1.7,0.2,4,+/-,1.4,0.5,3.41,+/-,0.65,0.22,1.27,+/-,0.98,0.14,91.16,3.75239,100A/95A/95A,1.01E+15
CL5_403795327CCS_F0050104CCAM03071P3.CSV,Peg,48,+/-,4.9,1.2,1.67,+/-,0.66,0.12,11.8,+/-,3.6,0.8,21.7,+/-,4.4,0.6,3.2,+/-,1.7,0.3,4.2,+/-,1.5,0.9,4.21,+/-,0.73,0.21,1.28,+/-,0.98,0.18,95.99,3.75778,100A/95A/95A,8.55E+14
CL5_403880914CCS_F0050104CCAM01072P3.CSV,Schmutz2,44,+/-,5.1,1.1,0.94,+/-,0.48,0.11,9.5,+/-,3.5,1.4,19.9,+/-,4.2,0.4,7.3,+/-,2.2,0.4,7.1,+/-,2.3,0.4,1.87,+/-,0.64,0.17,0.27,+/-,0.58,0.06,90.94,2.28219,100A/60A/60A,3.36E+14
CL5_403880956CCS_F0050104CCAM01072P3.CSV,Schmutz2,46.2,+/-,5,0.8,0.84,+/-,0.46,0.01,10.1,+/-,3.5,0.4,18.5,+/-,4,0.1,8,+/-,2.3,0.1,6,+/-,2,0.1,2.02,+/-,0.63,0.1,0.09,+/-,0.53,0.01,91.68,2.28219,100A/60A/60A,3.67E+14
CL5_403880998CCS_F0050104CCAM01072P3.CSV,Schmutz2,43.4,+/-,5.1,1.7,1,+/-,0.49,0.08,10.4,+/-,3.5,1.1,18.8,+/-,4,1.3,7.3,+/-,2.2,0.7,7,+/-,2.3,0.9,2.2,+/-,0.62,0.23,0.26,+/-,0.58,0.04,90.37,2.28219,100A/60A/60A,2.24E+14
CL5_403881122CCS_F0050104CCAM01072P3.CSV,Schmutz2,44.6,+/-,5,1.2,0.9,+/-,0.47,0.06,8.6,+/-,3.5,0.6,20.6,+/-,4.3,0.7,10.5,+/-,2.7,0.5,5,+/-,1.7,0.4,2.01,+/-,0.63,0.23,0.22,+/-,0.56,0.08,92.41,2.28219,100A/60A/60A,3.45E+14
CL5_403881164CCS_F0050104CCAM01072P3.CSV,Schmutz2,44.9,+/-,5,2,0.94,+/-,0.48,0.07,8.9,+/-,3.5,1.2,19.6,+/-,4.2,0.5,7.7,+/-,2.2,0.6,7.1,+/-,2.3,1.1,1.95,+/-,0.63,0.24,0.34,+/-,0.6,0.04,91.47,2.27618,100A/60A/60A,2.26E+14
CL5_403881309CCS_F0050104CCAM01072P3.CSV,Schmutz2,40.6,+/-,5.4,1.3,0.92,+/-,0.48,0.09,8.7,+/-,3.5,0.7,21.3,+/-,4.4,1.6,6.7,+/-,2.1,0.8,7.3,+/-,2.4,0.7,1.95,+/-,0.63,0.15,0.36,+/-,0.61,0.12,87.94,2.27618,100A/60A/60A,2.54E+14
CL5_403881434CCS_F0050104CCAM01072P3.CSV,Schmutz2,43.5,+/-,5.1,1.5,0.95,+/-,0.48,0.06,8.6,+/-,3.5,0.9,20.1,+/-,4.2,0.9,9.3,+/-,2.5,0.5,5.4,+/-,1.8,0.5,2.07,+/-,0.63,0.25,0.34,+/-,0.6,0.06,90.15,2.27618,100A/60A/60A,2.47E+14
CL5_403881475CCS_F0050104CCAM01072P3.CSV,Schmutz2,42.3,+/-,5.2,3.2,0.83,+/-,0.46,0.08,7.9,+/-,3.4,0.7,20.3,+/-,4.3,0.9,9.4,+/-,2.5,1.6,5.9,+/-,2,1,1.77,+/-,0.64,0.27,0.24,+/-,0.57,0.06,88.65,2.27618,100A/60A/60A,2.79E+14
CL5_403881517CCS_F0050104CCAM01072P3.CSV,Schmutz2,42.1,+/-,5.2,3.8,0.81,+/-,0.45,0.02,8.1,+/-,3.4,1.9,18.3,+/-,3.9,0.9,8.2,+/-,2.3,0.8,7.7,+/-,2.4,0.7,1.66,+/-,0.65,0.37,0.31,+/-,0.59,0.1,87.12,2.27668,100A/60A/60A,1.98E+14
CL5_403881980CCS_F0050104CCAM02072P3.CSV,Epworth,40.7,+/-,5.4,0.3,1.05,+/-,0.5,0.02,13.9,+/-,3.6,0.6,21.2,+/-,4.4,0.1,6.5,+/-,2,0.2,3.5,+/-,1.3,0.1,3.47,+/-,0.65,0.15,0.52,+/-,0.67,0.04,90.93,2.26872,100A/60A/60A,5.34E+14
CL5_403882049CCS_F0050104CCAM02072P3.CSV,Epworth,46.8,+/-,5,1.4,1.13,+/-,0.52,0.05,15.9,+/-,3.6,1.8,20.3,+/-,4.3,0.6,5.2,+/-,1.9,0.6,5.5,+/-,1.8,0.4,4.03,+/-,0.7,0.65,0.49,+/-,0.66,0.09,99.31,2.26872,100A/60A/60A,2.36E+14
CL5_403882117CCS_F0050104CCAM02072P3.CSV,Epworth,50.8,+/-,5,3.2,1.18,+/-,0.53,0.25,11,+/-,3.5,1.9,18.1,+/-,3.9,1,8,+/-,2.3,1,4,+/-,1.4,1.2,2.97,+/-,0.62,0.77,0.35,+/-,0.61,0.12,96.42,2.26872,100A/60A/60A,1.88E+14
CL5_403882185CCS_F0050104CCAM02072P3.CSV,Epworth,51.3,+/-,5,2.3,0.75,+/-,0.44,0.01,10.6,+/-,3.5,0.9,23.1,+/-,4.5,3.7,4.2,+/-,1.8,0.9,2.9,+/-,1.2,0.3,2.29,+/-,0.62,0.3,0.07,+/-,0.52,0.03,95.19,2.26872,100A/60A/60A,3.42E+14
CL5_403882253CCS_F0050104CCAM02072P3.CSV,Epworth,25.8,+/-,7.1,3,0.59,+/-,0.39,0.06,6.8,+/-,3.3,0.5,12.4,+/-,3,0.7,3.4,+/-,1.7,0.1,24.1,+/-,4.6,1.4,1.16,+/-,0.6,0.16,0.1,+/-,0.53,0.01,74.35,2.27768,100A/60A/60A,3.84E+14
CL5_403882765CCS_F0050104CCAM03072P3.CSV,Kilian,38.9,+/-,5.6,2.7,1.1,+/-,0.52,0.18,7.5,+/-,3.4,1.1,19.7,+/-,4.2,1.2,3.7,+/-,1.7,0.4,11.7,+/-,3.1,2.5,2.01,+/-,0.63,0.41,0.51,+/-,0.66,0.22,85.14,3.00257,100A/95A/95A,9.02E+14
CL5_403882841CCS_F0050104CCAM03072P3.CSV,Kilian,43.8,+/-,5.1,0.4,1.42,+/-,0.59,0.05,7.5,+/-,3.4,0.4,21,+/-,4.4,0.3,4.7,+/-,1.8,0.1,7.1,+/-,2.3,0.5,2.78,+/-,0.61,0.06,0.86,+/-,0.81,0.04,89.21,3.00257,100A/95A/95A,8.28E+14
CL5_403883108CCS_F0050104CCAM03072P3.CSV,Kilian,43.5,+/-,5.1,1.5,1.55,+/-,0.63,0.08,12,+/-,3.6,1,23.9,+/-,4.6,1.6,3.3,+/-,1.7,0.2,4.9,+/-,1.7,0.7,3.1,+/-,0.63,0.21,1.03,+/-,0.88,0.14,93.27,3.09973,100A/95A/95A,1.03E+15
CL5_403883259CCS_F0050104CCAM03072P3.CSV,Kilian,49,+/-,5,2.2,1.41,+/-,0.59,0.24,9.4,+/-,3.5,1,19.1,+/-,4.1,1,4.5,+/-,1.8,0.3,5.2,+/-,1.7,1.2,3.33,+/-,0.64,0.25,2.12,+/-,1.18,0.18,94.06,3.09973,100A/95A/95A,5.27E+14
CL5_403883375CCS_F0050104CCAM03072P3.CSV,Kilian,49.1,+/-,5,4.5,1.13,+/-,0.52,0.15,8.9,+/-,3.5,0.5,19.7,+/-,4.2,0.4,6.6,+/-,2.1,0.9,3.5,+/-,1.3,2,1.08,+/-,0.58,0.26,0.17,+/-,0.55,0.04,90.21,3.09973,100A/95A/95A,4.94E+14
CL5_403883450CCS_F0050104CCAM03072P3.CSV,Kilian,50.4,+/-,5,1.1,0.69,+/-,0.42,0.02,16.4,+/-,3.7,0.4,8,+/-,2.4,2.6,5.7,+/-,1.9,0.4,9,+/-,2.7,0.5,3.18,+/-,0.63,0.19,0.24,+/-,0.57,0.02,93.57,3.09973,100A/95A/95A,4.72E+14
CL5_403883525CCS_F0050104CCAM03072P3.CSV,Kilian,57.4,+/-,5.2,0.4,0.81,+/-,0.45,0.01,21.8,+/-,3.8,0.7,3.2,+/-,1.8,1.4,1.8,+/-,1.5,0.2,8.7,+/-,2.7,0.1,6,+/-,1.03,0.13,0.6,+/-,0.7,0.06,100.31,3.10896,100A/95A/95A,2.73E+14
CL5_404058450CCS_F0050104CCAM01074P3.CSV,Crestaurum,39.9,+/-,5.5,1,0.73,+/-,0.43,0.05,7.6,+/-,3.4,0.4,17.5,+/-,3.8,0.4,8.9,+/-,2.4,0.4,7.2,+/-,2.3,0.5,1.49,+/-,0.64,0.11,0.13,+/-,0.54,0.02,83.48,2.72127,100A/95A/95A,6.00E+14
CL5_404058731CCS_F0050104CCAM02074P3.CSV,NAu-2_Hi-S,41.5,+/-,5.3,0.9,0.78,+/-,0.44,0.14,5.2,+/-,3.1,0.2,11.1,+/-,2.8,1.1,2.7,+/-,1.6,0.1,11.9,+/-,3.1,0.6,0.89,+/-,0.53,0.02,0.13,+/-,0.54,0,74.17,1.59377,100A/40A/40A,2.75E+14
CL5_404058918CCS_F0050104CCAM02074P3.CSV,NAu-2_Med-S,43.8,+/-,5.1,0.7,0.68,+/-,0.42,0,6.5,+/-,3.2,0.2,14.5,+/-,3.3,0.6,2.8,+/-,1.6,0.1,11.4,+/-,3.1,0.4,1.09,+/-,0.58,0.03,0.29,+/-,0.59,0.01,81.13,1.58982,100A/40A/40A,2.44E+14
CL5_404059030CCS_F0050104CCAM02074P3.CSV,NAu-2_Low-S,47.1,+/-,5,0.8,0.73,+/-,0.43,0.01,8.1,+/-,3.4,0.1,17.3,+/-,3.8,1.3,3.1,+/-,1.7,0.1,9.1,+/-,2.7,0.3,1.62,+/-,0.65,0.02,0.45,+/-,0.64,0.01,87.47,1.58982,100A/40A/40A,2.33E+14
CL5_404059141CCS_F0050104CCAM02074P3.CSV,Kga-d_Med-S,43.9,+/-,5.1,1.1,1.55,+/-,0.63,0.14,21.5,+/-,3.8,1,9.5,+/-,2.6,1.1,3.1,+/-,1.7,0.2,13.3,+/-,3.3,1.1,1.2,+/-,0.61,0.06,0.21,+/-,0.56,0.02,94.25,1.58786,100A/40A/40A,1.53E+14
CL5_404121613CCS_F0050104CCAM05074P3.CSV,Crestaurum_1,39.5,+/-,5.5,1.2,0.78,+/-,0.44,0.07,7.6,+/-,3.4,0.5,18.3,+/-,3.9,0.6,8.1,+/-,2.3,0.8,7.1,+/-,2.3,0.4,1.59,+/-,0.65,0.11,0.15,+/-,0.54,0.05,83.21,2.7284,100A/95A/95A,5.40E+14
CL5_404236390CCS_F0050104CCAM01076P3.CSV,NAu-2_Hi-S,42,+/-,5.2,0.8,0.63,+/-,0.4,0.01,5.3,+/-,3.1,0.1,13.3,+/-,3.1,1.4,2.8,+/-,1.6,0.1,12.8,+/-,3.2,1,1.09,+/-,0.58,0.02,0.16,+/-,0.55,0.01,78.05,1.58786,100A/40A/40A,2.46E+14
CL5_404236610CCS_F0050104CCAM01076P3.CSV,NAu-2_Med-S,45,+/-,5,0.6,0.66,+/-,0.41,0.01,7.2,+/-,3.3,0.1,13.5,+/-,3.2,0.7,2.2,+/-,1.6,0.1,12,+/-,3.1,0.5,1.06,+/-,0.58,0.02,0.23,+/-,0.57,0.01,81.85,1.58027,100A/40A/40A,1.93E+14
CL5_404236830CCS_F0050104CCAM01076P3.CSV,NAu-2_Low-S,46.3,+/-,5,0.4,0.75,+/-,0.44,0.02,8.1,+/-,3.4,0.1,16.2,+/-,3.6,0.4,2.9,+/-,1.6,0.1,9.1,+/-,2.7,0.2,1.5,+/-,0.64,0.02,0.39,+/-,0.62,0.01,85.2,1.57979,100A/40A/40A,1.90E+14
CL5_404237050CCS_F0050104CCAM01076P3.CSV,Kga-d_Med-S,42.3,+/-,5.2,0.5,1.16,+/-,0.53,0.14,18.8,+/-,3.7,1,10.7,+/-,2.8,0.5,4.4,+/-,1.8,1,13.8,+/-,3.3,0.5,1.22,+/-,0.61,0.08,0.27,+/-,0.58,0.01,92.65,1.58247,100A/40A/40A,1.73E+14
CL5_404237527CCS_F0050104CCAM01076P3.CSV,Shergottite,45.2,+/-,5,0.6,0.52,+/-,0.36,0.02,12.1,+/-,3.6,0.3,15.8,+/-,3.5,0.2,5.4,+/-,1.9,0.1,14.7,+/-,3.4,0.4,2.78,+/-,0.61,0.08,0.34,+/-,0.6,0.03,96.92,1.58933,100A/40A/40A,1.23E+14
CL5_404237747CCS_F0050104CCAM01076P3.CSV,Picrite,42.4,+/-,5.2,0.6,0.71,+/-,0.42,0.01,12.7,+/-,3.6,0.5,18.2,+/-,3.9,0.2,9.4,+/-,2.5,0.2,7.6,+/-,2.4,0.2,4.07,+/-,0.71,0.09,0.2,+/-,0.56,0.01,95.28,1.58859,100A/40A/40A,2.16E+14
CL5_404237967CCS_F0050104CCAM01076P3.CSV,Norite,41.3,+/-,5.3,0.4,0.83,+/-,0.46,0.01,14.3,+/-,3.6,0.4,16.9,+/-,3.7,0.2,8,+/-,2.3,0.1,12.5,+/-,3.2,0.3,1.58,+/-,0.65,0.11,0.01,+/-,0.51,0,95.28,1.58859,100A/40A/40A,1.74E+14
CL5_404238189CCS_F0050104CCAM01076P3.CSV,Macusanite,72.5,+/-,5.5,0.8,0.54,+/-,0.37,0.05,20.1,+/-,3.7,3.8,0,+/-,1.6,0,0.8,+/-,1.5,0.2,0.3,+/-,0.8,0,2.49,+/-,0.61,0.38,1.3,+/-,0.99,0.44,97.95,1.58687,100A/60A/60A,6.70E+13
CL5_404325218CCS_F0050104CCAM02077P3.CSV,Rocknest3_DP,46.7,+/-,5,0.7,1.74,+/-,0.68,0.28,11.8,+/-,3.6,1.3,20.7,+/-,4.3,1.5,3.6,+/-,1.7,0.2,6.2,+/-,2,1.5,3.32,+/-,0.64,0.2,1.12,+/-,0.92,0.13,95.13,3.44386,100A/95A/95A,1.10E+15
CL5_404325375CCS_F0050104CCAM02077P3.CSV,Rocknest3_DP,49.7,+/-,5,1.3,1.38,+/-,0.58,0.14,14.5,+/-,3.6,1.5,19.7,+/-,4.2,0.5,3.4,+/-,1.7,0.4,4.6,+/-,1.6,0.7,3.96,+/-,0.69,0.26,1.42,+/-,1.03,0.14,98.74,3.44386,100A/95A/95A,8.62E+14
CL5_404325531CCS_F0050104CCAM02077P3.CSV,Rocknest3_DP,44.4,+/-,5,1.1,1.5,+/-,0.62,0.13,11.7,+/-,3.6,0.6,21.2,+/-,4.4,1,3.6,+/-,1.7,0.1,7,+/-,2.3,0.5,3.78,+/-,0.67,0.13,1.36,+/-,1.01,0.1,94.59,3.44386,100A/95A/95A,8.91E+14
CL5_404325687CCS_F0050104CCAM02077P3.CSV,Rocknest3_DP,47.4,+/-,4.9,1.3,1.56,+/-,0.63,0.28,12.7,+/-,3.6,0.8,19.9,+/-,4.2,1.3,3.5,+/-,1.7,0.4,5.7,+/-,1.9,1.1,3.85,+/-,0.68,0.15,1.42,+/-,1.03,0.14,96.08,3.44386,100A/95A/95A,7.72E+14
CL5_404326555CCS_F0050104CCAM03077P3.CSV,Pearson_DP,41.7,+/-,5.3,1.4,1.91,+/-,0.73,0.23,8.4,+/-,3.4,0.6,27.4,+/-,4.9,1.6,3,+/-,1.7,0.2,4,+/-,1.4,1,3,+/-,0.62,0.14,0.94,+/-,0.84,0.1,90.35,3.64279,100A/95A/95A,1.23E+15
CL5_404326712CCS_F0050104CCAM03077P3.CSV,Pearson_DP,43.3,+/-,5.1,1.3,1.66,+/-,0.66,0.1,9.3,+/-,3.5,0.7,26,+/-,4.8,1.7,3.1,+/-,1.7,0.1,4.3,+/-,1.5,0.3,3.02,+/-,0.62,0.11,1,+/-,0.87,0.07,91.69,3.64279,100A/95A/95A,1.16E+15
CL5_404326868CCS_F0050104CCAM03077P3.CSV,Pearson_DP,44.4,+/-,5,0.6,1.63,+/-,0.65,0.04,10.4,+/-,3.5,0.7,23.6,+/-,4.6,0.9,3.1,+/-,1.7,0.1,5,+/-,1.7,0.4,3.29,+/-,0.64,0.13,1.18,+/-,0.94,0.1,92.59,3.64279,100A/95A/95A,1.07E+15
CL5_404327024CCS_F0050104CCAM03077P3.CSV,Pearson_DP,45.9,+/-,5,1.1,1.5,+/-,0.62,0.11,11.3,+/-,3.5,0.5,20.8,+/-,4.3,2.1,3.2,+/-,1.7,0.2,5.5,+/-,1.8,0.8,3.04,+/-,0.62,0.18,0.94,+/-,0.84,0.14,92.19,3.64279,100A/95A/95A,9.51E+14
CL5_404502343CCS_F0050104CCAM01079P3.CSV,Epworth2,46.7,+/-,5,8,0.9,+/-,0.47,0.13,9.5,+/-,3.5,3.2,18.2,+/-,3.9,4.4,5.6,+/-,1.9,2.3,6.1,+/-,2,2,2.38,+/-,0.61,1.56,0.5,+/-,0.66,0.52,89.97,2.29127,100A/60A/60A,2.70E+14
CL5_404502416CCS_F0050104CCAM01079P3.CSV,Epworth2,47.4,+/-,4.9,3,0.72,+/-,0.43,0.07,9.6,+/-,3.5,1.5,17.4,+/-,3.8,1.2,7.1,+/-,2.1,1.2,7,+/-,2.3,0.9,2.48,+/-,0.61,0.64,0.39,+/-,0.62,0.11,92.18,2.29127,100A/60A/60A,2.12E+14
CL5_404502484CCS_F0050104CCAM01079P3.CSV,Epworth2,53.6,+/-,5.1,1.7,0.75,+/-,0.44,0.07,15.6,+/-,3.6,1.7,16.7,+/-,3.7,1.8,5.2,+/-,1.9,0.4,5.8,+/-,1.9,0.4,3.77,+/-,0.67,0.33,0.56,+/-,0.68,0.04,101.83,2.29127,100A/60A/60A,2.31E+14
CL5_404502552CCS_F0050104CCAM01079P3.CSV,Epworth2,44,+/-,5.1,2.6,1.16,+/-,0.53,0.38,9.5,+/-,3.5,0.8,19.7,+/-,4.2,1,6.9,+/-,2.1,1,6.8,+/-,2.2,0.7,2.26,+/-,0.62,0.29,0.32,+/-,0.6,0.07,90.57,2.29127,100A/60A/60A,1.69E+14
CL5_404502620CCS_F0050104CCAM01079P3.CSV,Epworth2,44.5,+/-,5,2.6,0.86,+/-,0.46,0.09,9.6,+/-,3.5,0.7,21.1,+/-,4.4,1.1,5.9,+/-,2,0.7,6,+/-,2,0.9,2.36,+/-,0.61,0.42,0.34,+/-,0.6,0.13,90.62,2.29127,100A/60A/60A,1.71E+14
CL5_404502688CCS_F0050104CCAM01079P3.CSV,Epworth2,43.8,+/-,5.1,3.2,0.66,+/-,0.41,0.08,8.4,+/-,3.4,1.5,17.9,+/-,3.9,1.1,8,+/-,2.3,0.7,7.6,+/-,2.4,2.2,1.91,+/-,0.64,0.52,0.24,+/-,0.57,0.1,88.37,2.29634,100A/60A/60A,1.66E+14
CL5_404502862CCS_F0050104CCAM01079P3.CSV,Epworth2,41.5,+/-,5.3,4,0.71,+/-,0.42,0.14,10.3,+/-,3.5,2,18.5,+/-,4,1,7.7,+/-,2.2,0.7,7,+/-,2.3,1.3,2,+/-,0.63,0.67,0.21,+/-,0.56,0.15,88.01,2.29634,100A/60A/60A,1.56E+14
CL5_404502930CCS_F0050104CCAM01079P3.CSV,Epworth2,42.3,+/-,5.2,1.8,0.76,+/-,0.44,0.04,9.5,+/-,3.5,1.4,18.9,+/-,4,0.9,4.1,+/-,1.8,2.4,10.8,+/-,3,2.8,1.77,+/-,0.64,0.29,0.15,+/-,0.54,0.07,88.22,2.29634,100A/60A/60A,3.11E+14
CL5_404502998CCS_F0050104CCAM01079P3.CSV,Epworth2,45.1,+/-,5,0.9,1.1,+/-,0.52,0.13,8.7,+/-,3.5,0.3,18.2,+/-,3.9,0.3,8.8,+/-,2.4,0.4,5.3,+/-,1.8,0.4,2.39,+/-,0.61,0.14,0.31,+/-,0.59,0.03,89.89,2.29634,100A/60A/60A,1.70E+14
CL5_404503066CCS_F0050104CCAM01079P3.CSV,Epworth2,47.7,+/-,4.9,2.3,1.2,+/-,0.54,0.23,11.6,+/-,3.6,1.8,19.1,+/-,4.1,0.8,5.5,+/-,1.9,0.9,5.4,+/-,1.8,0.7,2.85,+/-,0.62,0.56,0.32,+/-,0.6,0.06,93.67,2.29634,100A/60A/60A,2.87E+14
CL5_404503510CCS_F0050104CCAM02079P3.CSV,Pearson_2,44.3,+/-,5,1.2,1.77,+/-,0.69,0.13,10.1,+/-,3.5,0.5,25.5,+/-,4.7,1.3,2.5,+/-,1.6,0.3,3.2,+/-,1.2,0.4,3.45,+/-,0.65,0.22,1.29,+/-,0.99,0.21,92.1,3.65678,100A/95A/95A,1.37E+15
CL5_404503583CCS_F0050104CCAM02079P3.CSV,Pearson_2,44.8,+/-,5,0.5,2.05,+/-,0.77,0.08,8.1,+/-,3.4,0.4,27.4,+/-,4.9,0.7,3.2,+/-,1.7,0.2,1.6,+/-,0.9,0.3,3.36,+/-,0.64,0.13,1.54,+/-,1.07,0.14,92.01,3.65678,100A/95A/95A,1.26E+15
CL5_404503652CCS_F0050104CCAM02079P3.CSV,Pearson_2,46.6,+/-,5,0.6,1.51,+/-,0.62,0.09,8.3,+/-,3.4,0.5,22.1,+/-,4.5,0.7,3.8,+/-,1.7,0.1,4.3,+/-,1.5,0.5,2.95,+/-,0.62,0.13,1.28,+/-,0.98,0.12,90.84,3.65678,100A/95A/95A,1.29E+15
CL5_404503771CCS_F0050104CCAM02079P3.CSV,Pearson_2,42.5,+/-,5.2,1.2,1.45,+/-,0.6,0.07,7.8,+/-,3.4,0.7,24.7,+/-,4.7,1.1,3.4,+/-,1.7,0.2,7.8,+/-,2.5,0.9,3.15,+/-,0.63,0.14,1.1,+/-,0.91,0.24,91.9,3.65678,100A/95A/95A,1.29E+15
CL5_404503839CCS_F0050104CCAM02079P3.CSV,Pearson_2,37.6,+/-,5.8,1.2,1.36,+/-,0.58,0.05,7.3,+/-,3.3,0.4,29.5,+/-,5,1,2.8,+/-,1.6,0.1,7.7,+/-,2.5,0.7,2.88,+/-,0.62,0.18,0.75,+/-,0.76,0.1,89.9,3.63773,100A/95A/95A,1.36E+15
CL5_404504013CCS_F0050104CCAM02079P3.CSV,Pearson_2,47.2,+/-,5,1.2,1.43,+/-,0.6,0.05,10.3,+/-,3.5,0.6,18.7,+/-,4,0.8,3.4,+/-,1.7,0.2,6.5,+/-,2.1,0.7,3.64,+/-,0.66,0.21,1.53,+/-,1.07,0.15,92.59,3.63773,100A/95A/95A,1.09E+15
CL5_404504132CCS_F0050104CCAM02079P3.CSV,Pearson_2,42.6,+/-,5.2,1.1,2.12,+/-,0.79,0.06,6.8,+/-,3.3,0.2,30.3,+/-,5.1,0.6,3,+/-,1.6,0,4.1,+/-,1.4,0.3,2.8,+/-,0.61,0.08,1.11,+/-,0.91,0.07,92.85,3.63773,100A/95A/95A,1.45E+15
CL5_404504200CCS_F0050104CCAM02079P3.CSV,Pearson_2,44.8,+/-,5,0.6,1.51,+/-,0.62,0.09,7.8,+/-,3.4,0.3,22.8,+/-,4.5,1,3.5,+/-,1.7,0.1,6.5,+/-,2.1,0.4,2.91,+/-,0.62,0.15,1.04,+/-,0.88,0.14,90.79,3.63773,100A/95A/95A,1.39E+15
CL5_404504269CCS_F0050104CCAM02079P3.CSV,Pearson_2,46.1,+/-,5,1,1.66,+/-,0.66,0.16,10.3,+/-,3.5,0.8,22.6,+/-,4.5,1.7,3.3,+/-,1.7,0.2,5.3,+/-,1.8,0.4,3.61,+/-,0.66,0.21,1.28,+/-,0.98,0.16,94.15,3.66317,100A/95A/95A,1.29E+15
CL5_404504734CCS_F0050104CCAM03079P3.CSV,Walsh,46.6,+/-,5,0.5,2.55,+/-,0.96,0.17,7.7,+/-,3.4,0.2,26,+/-,4.8,0.7,4.8,+/-,1.8,0.1,1.7,+/-,1,0.3,2.66,+/-,0.61,0.11,0.97,+/-,0.85,0.09,92.86,4.4457,100A/95A/95A,3.15E+14
CL5_404504815CCS_F0050104CCAM03079P3.CSV,Walsh,41.5,+/-,5.3,1.2,3.06,+/-,1.23,0.26,8.7,+/-,3.5,0.2,29.4,+/-,5,0.8,3.5,+/-,1.7,0.2,2,+/-,1,0.4,3.66,+/-,0.66,0.13,1.32,+/-,1,0.09,93.12,4.4457,100A/95A/95A,4.47E+14
CL5_404504890CCS_F0050104CCAM03079P3.CSV,Walsh,36.2,+/-,6,2.4,3.94,+/-,1.71,0.2,8.2,+/-,3.4,0.6,33.4,+/-,5.3,1.4,2.6,+/-,1.6,0.1,4.1,+/-,1.4,0.6,2.8,+/-,0.61,0.26,1.12,+/-,0.92,0.15,92.4,4.4457,100A/95A/95A,1.81E+14
CL5_404505006CCS_F0050104CCAM03079P3.CSV,Walsh,42.4,+/-,5.2,0.7,2.32,+/-,0.86,0.1,7.2,+/-,3.3,0.3,25.8,+/-,4.7,1.3,4.1,+/-,1.8,0.1,1,+/-,0.9,0.2,2.11,+/-,0.62,0.06,0.48,+/-,0.65,0.02,85.49,4.4457,100A/95A/95A,3.77E+14
CL5_404505082CCS_F0050104CCAM03079P3.CSV,Walsh,40.3,+/-,5.4,1.2,1.79,+/-,0.7,0.05,10.1,+/-,3.5,0.6,26.6,+/-,4.8,1.1,2.4,+/-,1.6,0.1,6.8,+/-,2.2,0.7,2.8,+/-,0.61,0.12,0.84,+/-,0.8,0.06,91.63,4.39546,100A/95A/95A,1.43E+15
CL5_404505235CCS_F0050104CCAM03079P3.CSV,Walsh,46.7,+/-,5,0.5,1.86,+/-,0.72,0.11,9.3,+/-,3.5,0.2,22.8,+/-,4.5,1,3.9,+/-,1.7,0.3,1.8,+/-,1,0.3,3.46,+/-,0.65,0.08,1.23,+/-,0.96,0.05,91.03,4.39546,100A/95A/95A,6.96E+14
CL5_404505352CCS_F0050104CCAM03079P3.CSV,Walsh,37.6,+/-,5.8,1.3,3.62,+/-,1.56,0.11,7.1,+/-,3.3,0.4,29.1,+/-,5,0.6,2.4,+/-,1.6,0.1,1.6,+/-,0.9,0.1,2.81,+/-,0.61,0.11,0.89,+/-,0.82,0.08,85.03,4.39546,100A/95A/95A,2.17E+15
CL5_404505427CCS_F0050104CCAM03079P3.CSV,Walsh,42,+/-,5.2,0.7,1.66,+/-,0.66,0.06,7.9,+/-,3.4,0.2,28.8,+/-,5,0.8,2.8,+/-,1.6,0.1,3,+/-,1.2,0.2,3.4,+/-,0.65,0.08,1.21,+/-,0.96,0.06,90.76,4.39546,100A/95A/95A,9.83E+14
CL5_404505502CCS_F0050104CCAM03079P3.CSV,Walsh,39.9,+/-,5.5,1,1.92,+/-,0.73,0.16,8.2,+/-,3.4,0.4,34.8,+/-,5.4,1,2.8,+/-,1.6,0.1,3.3,+/-,1.3,0.6,4.09,+/-,0.71,0.17,1.48,+/-,1.05,0.11,96.47,4.43444,100A/95A/95A,3.45E+14
CL5_404758205CCS_F0050104CCAM01081P3.CSV,Kenyon,40.3,+/-,5.4,1.7,0.76,+/-,0.44,0.07,8,+/-,3.4,0.7,18.8,+/-,4,0.6,7.4,+/-,2.2,0.6,7.1,+/-,2.3,0.5,1.63,+/-,0.65,0.2,0.16,+/-,0.55,0.05,84.21,2.28672,100A/60A/60A,2.26E+14
CL5_404758282CCS_F0050104CCAM01081P3.CSV,Kenyon,39.7,+/-,5.5,1.7,0.74,+/-,0.43,0.07,7.2,+/-,3.3,1.3,18.6,+/-,4,0.6,8.8,+/-,2.4,2.6,6.7,+/-,2.2,1.1,1.51,+/-,0.65,0.26,0.14,+/-,0.54,0.05,83.42,2.28672,100A/60A/60A,2.10E+14
CL5_404758358CCS_F0050104CCAM01081P3.CSV,Kenyon,43.4,+/-,5.1,1.9,0.8,+/-,0.45,0.07,7.9,+/-,3.4,1.7,18.6,+/-,4,0.9,6.9,+/-,2.1,0.8,8.9,+/-,2.7,1.7,1.49,+/-,0.64,0.47,0.15,+/-,0.54,0.1,88.1,2.28672,100A/60A/60A,2.65E+14
CL5_404758434CCS_F0050104CCAM01081P3.CSV,Kenyon,43.2,+/-,5.1,1.8,0.93,+/-,0.48,0.18,10.4,+/-,3.5,1.8,18.4,+/-,4,2,6.3,+/-,2,1.1,8.2,+/-,2.6,2.4,2.25,+/-,0.62,0.46,0.4,+/-,0.62,0.26,90.13,2.28722,100A/60A/60A,3.25E+14
CL5_404758740CCS_F0050104CCAM01081P3.CSV,Kenyon,42.7,+/-,5.2,1,1.34,+/-,0.57,0.12,6.7,+/-,3.3,0.7,21.3,+/-,4.4,0.2,10.6,+/-,2.7,1.7,3,+/-,1.2,0.9,1.57,+/-,0.65,0.13,0.59,+/-,0.69,0.13,87.77,2.28722,100A/60A/60A,5.29E+14
CL5_404758817CCS_F0050104CCAM01081P3.CSV,Kenyon,43,+/-,5.1,5.5,0.63,+/-,0.4,0.06,15.2,+/-,3.6,2.1,16.5,+/-,3.6,3.4,4.8,+/-,1.8,1.5,10.9,+/-,3,1.2,1.96,+/-,0.63,0.47,0.21,+/-,0.56,0.15,93.12,2.28722,100A/60A/60A,1.77E+14
CL5_404758893CCS_F0050104CCAM01081P3.CSV,Kenyon,42.9,+/-,5.2,1.2,0.77,+/-,0.44,0.11,8.6,+/-,3.5,0.6,18.7,+/-,4,1.1,7.8,+/-,2.2,0.4,8,+/-,2.5,1.1,1.9,+/-,0.64,0.29,0.21,+/-,0.56,0.05,88.92,2.28219,100A/60A/60A,2.33E+14
CL5_404759198CCS_F0050104CCAM01081P3.CSV,Kenyon,55.3,+/-,5.1,1.2,0.75,+/-,0.44,0.01,18.2,+/-,3.7,1.3,4.6,+/-,2,1.8,2,+/-,1.6,1,8,+/-,2.5,0.8,4.51,+/-,0.78,0.33,0.41,+/-,0.63,0.06,93.79,2.28219,100A/60A/60A,2.33E+14
CL5_404759275CCS_F0050104CCAM01081P3.CSV,Kenyon,41.8,+/-,5.3,1.2,0.7,+/-,0.42,0.08,8.4,+/-,3.4,0.5,19.1,+/-,4.1,0.4,8.3,+/-,2.3,0.6,7.3,+/-,2.4,0.8,1.62,+/-,0.65,0.21,0.11,+/-,0.53,0.09,87.34,2.28219,100A/60A/60A,2.82E+14
CL5_404759351CCS_F0050104CCAM01081P3.CSV,Kenyon,48.1,+/-,4.9,4.4,0.84,+/-,0.46,0.06,15.5,+/-,3.6,4.1,15.4,+/-,3.4,5.6,4.6,+/-,1.8,2.2,7.6,+/-,2.4,0.7,2.41,+/-,0.61,0.66,0.4,+/-,0.62,0.17,94.8,2.28622,100A/60A/60A,2.72E+14
CL5_404768560CCS_F0050104CCAM01082P3.CSV,Rocknest3_1,42.1,+/-,5.2,1.2,1.93,+/-,0.73,0.16,9.7,+/-,3.5,0.4,27.7,+/-,4.9,1.9,3.3,+/-,1.7,0.1,4.2,+/-,1.5,0.4,2.99,+/-,0.62,0.19,1.11,+/-,0.91,0.19,92.96,3.48051,100A/95A/95A,1.70E+15
CL5_404768634CCS_F0050104CCAM01082P3.CSV,Rocknest3_1,42.1,+/-,5.2,0.4,2.05,+/-,0.77,0.14,8.2,+/-,3.4,0.3,31.4,+/-,5.2,0.9,2.7,+/-,1.6,0.1,2.4,+/-,1.1,0.3,2.98,+/-,0.62,0.14,0.95,+/-,0.85,0.07,92.86,3.48051,100A/95A/95A,1.49E+15
CL5_404768702CCS_F0050104CCAM01082P3.CSV,Rocknest3_1,40.7,+/-,5.4,0.7,1.86,+/-,0.72,0.04,9.6,+/-,3.5,0.4,29.8,+/-,5,0.8,3.1,+/-,1.7,0.1,3.7,+/-,1.3,0.4,2.95,+/-,0.62,0.11,0.94,+/-,0.84,0.12,92.75,3.48051,100A/95A/95A,1.87E+15
CL5_404768770CCS_F0050104CCAM01082P3.CSV,Rocknest3_1,41.7,+/-,5.3,0.9,1.22,+/-,0.54,0.03,10.4,+/-,3.5,0.7,25.9,+/-,4.7,1.1,6,+/-,2,0.3,4.9,+/-,1.7,0.8,2.7,+/-,0.61,0.15,0.78,+/-,0.77,0.07,93.53,3.48051,100A/95A/95A,1.50E+15
CL5_404768838CCS_F0050104CCAM01082P3.CSV,Rocknest3_1,42.4,+/-,5.2,0.5,1.62,+/-,0.65,0.07,10.2,+/-,3.5,0.8,29.5,+/-,5,0.8,4.4,+/-,1.8,0.5,2.6,+/-,1.1,0.1,2.83,+/-,0.62,0.11,0.58,+/-,0.69,0.06,94.14,3.47358,100A/95A/95A,1.68E+15
CL5_404768984CCS_F0050104CCAM01082P3.CSV,Rocknest3_1,43.8,+/-,5.1,0.8,1.55,+/-,0.63,0.04,11,+/-,3.5,0.8,27.5,+/-,4.9,1.2,2.7,+/-,1.6,0.1,2.8,+/-,1.1,0.1,2.98,+/-,0.62,0.13,0.79,+/-,0.78,0.06,93.04,3.47358,100A/95A/95A,1.31E+15
CL5_404769052CCS_F0050104CCAM01082P3.CSV,Rocknest3_1,39.6,+/-,5.5,0.9,0.95,+/-,0.48,0.04,8.1,+/-,3.4,0.6,26.6,+/-,4.8,1.5,4.7,+/-,1.8,0.2,9,+/-,2.7,0.8,2.75,+/-,0.61,0.1,0.67,+/-,0.73,0.11,92.29,3.47358,100A/95A/95A,1.06E+15
CL5_404769120CCS_F0050104CCAM01082P3.CSV,Rocknest3_1,42.4,+/-,5.2,0.8,1.49,+/-,0.61,0.08,8.3,+/-,3.4,0.3,28.8,+/-,5,0.9,3.7,+/-,1.7,0.3,3.8,+/-,1.4,1.1,2.78,+/-,0.61,0.26,0.6,+/-,0.7,0.05,91.82,3.47358,100A/95A/95A,1.46E+15
CL5_404769188CCS_F0050104CCAM01082P3.CSV,Rocknest3_1,40.6,+/-,5.4,0.4,1.56,+/-,0.63,0.04,10.2,+/-,3.5,0.5,30.6,+/-,5.1,0.7,3.3,+/-,1.7,0.1,4.3,+/-,1.5,0.3,2.72,+/-,0.61,0.06,0.57,+/-,0.69,0.04,93.87,3.47358,100A/95A/95A,1.28E+15
CL5_404769375CCS_F0050104CCAM01082P3.CSV,Rocknest3_1,39.2,+/-,5.6,0.6,1.58,+/-,0.64,0.09,9.2,+/-,3.5,0.7,32.7,+/-,5.2,0.7,3.3,+/-,1.7,0.2,3,+/-,1.2,0.3,2.79,+/-,0.61,0.09,0.55,+/-,0.68,0.04,92.47,3.50616,100A/95A/95A,1.33E+15
CL5_404934115CCS_F0050104CCAM01083P3.CSV,Rocknest3_2,42,+/-,5.2,0.8,2.33,+/-,0.86,0.15,8.2,+/-,3.4,0.4,27.3,+/-,4.9,0.6,3.5,+/-,1.7,0.2,3.9,+/-,1.4,0.8,2.91,+/-,0.62,0.11,0.86,+/-,0.81,0.1,91,3.48979,100A/95A/95A,1.22E+15
CL5_404934189CCS_F0050104CCAM01083P3.CSV,Rocknest3_2,42.5,+/-,5.2,0.9,2.29,+/-,0.85,0.14,9.8,+/-,3.5,0.4,25.1,+/-,4.7,1,2.9,+/-,1.6,0.1,4.8,+/-,1.6,0.9,3.51,+/-,0.65,0.2,1.42,+/-,1.03,0.13,92.21,3.48979,100A/95A/95A,1.19E+15
CL5_404934257CCS_F0050104CCAM01083P3.CSV,Rocknest3_2,45.7,+/-,5,0.8,2.13,+/-,0.79,0.15,10.9,+/-,3.5,0.8,22.5,+/-,4.5,1,3.4,+/-,1.7,0.2,5,+/-,1.7,0.9,3.44,+/-,0.65,0.16,1.31,+/-,0.99,0.11,94.53,3.48979,100A/95A/95A,1.15E+15
CL5_404934325CCS_F0050104CCAM01083P3.CSV,Rocknest3_2,45.3,+/-,5,1.3,2.3,+/-,0.85,0.14,10.2,+/-,3.5,0.7,23.3,+/-,4.6,1,3.7,+/-,1.7,0.4,4.7,+/-,1.6,1,3.26,+/-,0.64,0.26,1.28,+/-,0.98,0.19,94,3.48979,100A/95A/95A,1.12E+15
CL5_404934393CCS_F0050104CCAM01083P3.CSV,Rocknest3_2,47.5,+/-,4.9,1.2,1.74,+/-,0.68,0.22,11.5,+/-,3.5,1.1,19.8,+/-,4.2,0.6,3.4,+/-,1.7,0.4,6.6,+/-,2.2,1.3,3.67,+/-,0.66,0.22,1.48,+/-,1.05,0.16,95.81,3.48631,100A/95A/95A,9.52E+14
CL5_404934568CCS_F0050104CCAM01083P3.CSV,Rocknest3_2,44.5,+/-,5,0.7,1.82,+/-,0.71,0.06,8.3,+/-,3.4,0.3,24.3,+/-,4.6,0.6,5.7,+/-,1.9,0.3,4.9,+/-,1.7,0.9,2.87,+/-,0.62,0.18,0.89,+/-,0.82,0.11,93.24,3.48631,100A/95A/95A,1.11E+15
CL5_404934636CCS_F0050104CCAM01083P3.CSV,Rocknest3_2,45.6,+/-,5,0.8,1.66,+/-,0.66,0.15,11.4,+/-,3.5,0.9,21.3,+/-,4.4,1,3.9,+/-,1.7,0.6,6.4,+/-,2.1,0.6,3.67,+/-,0.66,0.23,1.35,+/-,1.01,0.12,95.31,3.48631,100A/95A/95A,8.92E+14
CL5_404934704CCS_F0050104CCAM01083P3.CSV,Rocknest3_2,42.3,+/-,5.2,1.7,2.31,+/-,0.85,0.31,9.8,+/-,3.5,0.6,28.4,+/-,4.9,1.5,2.9,+/-,1.6,0.2,2,+/-,1,0.4,3.31,+/-,0.64,0.24,0.85,+/-,0.8,0.11,91.81,3.48631,100A/95A/95A,1.12E+15
CL5_404934772CCS_F0050104CCAM01083P3.CSV,Rocknest3_2,42.9,+/-,5.2,0.8,2.02,+/-,0.76,0.09,12.5,+/-,3.6,0.6,28,+/-,4.9,1.1,2.2,+/-,1.6,0.2,2.3,+/-,1.1,0.5,3.78,+/-,0.67,0.19,1.36,+/-,1.01,0.11,95.04,3.48631,100A/95A/95A,1.19E+15
CL5_404934989CCS_F0050104CCAM01083P3.CSV,Rocknest3_2,42.8,+/-,5.2,0.7,1.76,+/-,0.69,0.16,11,+/-,3.5,0.3,28.5,+/-,4.9,1.3,2.9,+/-,1.6,0.1,2.9,+/-,1.2,0.6,3.55,+/-,0.66,0.15,1.44,+/-,1.04,0.16,94.89,3.51087,100A/95A/95A,1.27E+15
CL5_404935691CCS_F0050104CCAM03083P3.CSV,Crestaurum_2,37.9,+/-,5.8,1.2,0.76,+/-,0.44,0.08,7.8,+/-,3.4,0.6,18.1,+/-,3.9,0.6,8.8,+/-,2.4,0.7,6.9,+/-,2.2,0.5,1.55,+/-,0.65,0.07,0.12,+/-,0.53,0.03,82.03,2.73341,100A/95A/95A,5.73E+14
CL5_404935808CCS_F0050104CCAM03083P3.CSV,Crestaurum_2,37.1,+/-,5.9,1.3,0.75,+/-,0.44,0.08,7.7,+/-,3.4,0.5,17.9,+/-,3.9,0.5,9.2,+/-,2.5,0.5,7,+/-,2.3,0.4,1.48,+/-,0.64,0.08,0.1,+/-,0.53,0.02,81.14,2.73341,100A/95A/95A,5.89E+14
CL5_404936263CCS_F0050104CCAM03083P3.CSV,Crestaurum_2,37.8,+/-,5.8,1.4,0.73,+/-,0.43,0.12,7.3,+/-,3.3,0.8,18.9,+/-,4,1.2,8,+/-,2.3,1.3,7.4,+/-,2.4,1.2,1.49,+/-,0.64,0.15,0.1,+/-,0.53,0.03,81.66,2.73341,100A/95A/95A,5.47E+14
CL5_404936487CCS_F0050104CCAM03083P3.CSV,Crestaurum_2,38.1,+/-,5.7,3,0.74,+/-,0.43,0.1,7.9,+/-,3.4,1,18,+/-,3.9,0.9,8.5,+/-,2.3,0.7,7.1,+/-,2.3,0.7,1.66,+/-,0.65,0.29,0.15,+/-,0.54,0.04,82.25,2.73556,100A/95A/95A,4.59E+14
CL5_405024085CCS_F0050104CCAM02084P3.CSV,Epworth_3,36.2,+/-,6,2.3,1.55,+/-,0.63,0.58,8.1,+/-,3.4,0.6,22.1,+/-,4.5,3.7,6.7,+/-,2.1,1.3,6.4,+/-,2.1,0.5,2.07,+/-,0.63,0.37,0.22,+/-,0.56,0.08,83.23,2.27618,100A/60A/60A,1.10E+14
CL5_405024165CCS_F0050104CCAM02084P3.CSV,Epworth_3,42.7,+/-,5.2,2.3,0.93,+/-,0.48,0.15,10.2,+/-,3.5,1.9,18.7,+/-,4,2.3,6.6,+/-,2.1,2.4,7.7,+/-,2.4,0.9,2.12,+/-,0.62,0.63,0.19,+/-,0.55,0.04,89.08,2.27618,100A/60A/60A,2.11E+14
CL5_405024240CCS_F0050104CCAM02084P3.CSV,Epworth_3,41.8,+/-,5.3,0.7,0.66,+/-,0.41,0.1,5.8,+/-,3.2,1.6,16.4,+/-,3.6,1.4,5.4,+/-,1.9,1.4,14.2,+/-,3.3,4.2,1.14,+/-,0.6,0.4,0.07,+/-,0.52,0.08,85.5,2.27618,100A/60A/60A,2.23E+14
CL5_405024443CCS_F0050104CCAM02084P3.CSV,Epworth_3,45.5,+/-,5,3.1,0.78,+/-,0.44,0.08,9.1,+/-,3.5,1.5,18.2,+/-,3.9,1.8,7.2,+/-,2.1,0.7,7.1,+/-,2.3,0.8,2.16,+/-,0.62,0.57,0.28,+/-,0.58,0.08,90.31,2.27618,100A/60A/60A,2.63E+14
CL5_405024523CCS_F0050104CCAM02084P3.CSV,Epworth_3,39.7,+/-,5.5,4.5,0.93,+/-,0.48,0.19,8.9,+/-,3.5,0.8,19.2,+/-,4.1,1.4,7.1,+/-,2.1,1.5,7.2,+/-,2.3,0.9,2.02,+/-,0.63,0.26,0.23,+/-,0.57,0.08,85.24,2.27918,100A/60A/60A,1.55E+14
CL5_405024832CCS_F0050104CCAM02084P3.CSV,Epworth_3,45.5,+/-,5,4,0.82,+/-,0.45,0.07,11.4,+/-,3.5,3,17.6,+/-,3.8,2.1,5.8,+/-,2,1.9,7.7,+/-,2.4,0.6,2.41,+/-,0.61,0.94,0.26,+/-,0.58,0.11,91.51,2.27918,100A/60A/60A,2.41E+14
CL5_405024912CCS_F0050104CCAM02084P3.CSV,Epworth_3,47.4,+/-,4.9,3.2,0.8,+/-,0.45,0.11,10.9,+/-,3.5,2.4,17.4,+/-,3.8,2.1,7.7,+/-,2.2,1.3,7.7,+/-,2.4,1.1,2.51,+/-,0.61,0.93,0.36,+/-,0.61,0.13,94.85,2.27918,100A/60A/60A,1.87E+14
CL5_405025115CCS_F0050104CCAM02084P3.CSV,Epworth_3,42.5,+/-,5.2,1.8,0.89,+/-,0.47,0.04,9.2,+/-,3.5,1.3,19.5,+/-,4.2,0.7,6.9,+/-,2.1,0.8,6.7,+/-,2.2,0.5,2.34,+/-,0.61,0.87,0.25,+/-,0.57,0.11,88.32,2.27918,100A/60A/60A,2.45E+14
CL5_405025349CCS_F0050104CCAM02084P3.CSV,Epworth_3,46.8,+/-,5,3.3,0.76,+/-,0.44,0.1,10.6,+/-,3.5,1.5,18.5,+/-,4,2,8.3,+/-,2.3,0.9,6.8,+/-,2.2,1.1,2.72,+/-,0.61,0.6,0.25,+/-,0.57,0.09,94.59,2.27818,100A/60A/60A,1.69E+14
CL5_405025429CCS_F0050104CCAM02084P3.CSV,Epworth_3,39.8,+/-,5.5,2.1,0.83,+/-,0.46,0.1,8.2,+/-,3.4,1,20.6,+/-,4.3,0.9,9.2,+/-,2.5,1.2,5.1,+/-,1.7,1.9,1.63,+/-,0.65,0.2,0.24,+/-,0.57,0.06,85.67,2.27818,100A/60A/60A,3.54E+14
CL5_405025650CCS_F0050104CCAM02084P3.CSV,Epworth_3,45,+/-,5,1.6,0.87,+/-,0.47,0.07,11.5,+/-,3.5,1.3,18.6,+/-,4,0.7,5.6,+/-,1.9,0.9,8.7,+/-,2.7,1,2.56,+/-,0.61,0.34,0.15,+/-,0.54,0.04,92.85,2.27618,100A/60A/60A,2.00E+14
CL5_405025722CCS_F0050104CCAM02084P3.CSV,Epworth_3,39.1,+/-,5.6,5.5,0.6,+/-,0.39,0.12,9,+/-,3.5,1.1,16.7,+/-,3.7,1.5,8.5,+/-,2.3,1,7.6,+/-,2.4,0.8,1.87,+/-,0.64,0.54,0.18,+/-,0.55,0.07,83.52,2.27618,100A/60A/60A,1.09E+14
CL5_405025790CCS_F0050104CCAM02084P3.CSV,Epworth_3,49.9,+/-,5,2.8,0.63,+/-,0.4,0.08,14.4,+/-,3.6,1.6,15.1,+/-,3.4,1.4,8.2,+/-,2.3,2.2,5.2,+/-,1.8,1,3.12,+/-,0.63,0.4,0.34,+/-,0.6,0.06,96.94,2.27618,100A/60A/60A,6.58E+13
CL5_405025858CCS_F0050104CCAM02084P3.CSV,Epworth_3,39.5,+/-,5.5,4.4,0.66,+/-,0.41,0.16,8.8,+/-,3.5,1,17.4,+/-,3.8,1.9,8.1,+/-,2.3,1.1,8.2,+/-,2.6,2.3,1.99,+/-,0.63,0.42,0.2,+/-,0.56,0.05,84.9,2.27618,100A/60A/60A,1.20E+14
CL5_405025926CCS_F0050104CCAM02084P3.CSV,Epworth_3,47.6,+/-,4.9,5.7,0.86,+/-,0.46,0.1,14.1,+/-,3.6,3.5,16.4,+/-,3.6,2.4,5.5,+/-,1.9,1.1,6.5,+/-,2.1,0.8,3.58,+/-,0.66,0.96,0.24,+/-,0.57,0.06,94.68,2.27618,100A/60A/60A,1.24E+14
CL5_405290297CCS_F0050104CCAM04087P3.CSV,Rocknest6a,37.9,+/-,5.8,1.9,1.16,+/-,0.53,0.06,10.4,+/-,3.5,1.5,28.9,+/-,5,1.4,3.1,+/-,1.7,0.3,4.3,+/-,1.5,2,3.21,+/-,0.63,0.51,0.74,+/-,0.76,0.2,89.86,2.57138,100A/95A/95A,1.10E+15
CL5_405290371CCS_F0050104CCAM04087P3.CSV,Rocknest6a,39.9,+/-,5.5,1.1,0.95,+/-,0.48,0.05,10.3,+/-,3.5,0.6,25.2,+/-,4.7,1.8,4,+/-,1.7,0.4,7.5,+/-,2.4,0.6,2.9,+/-,0.62,0.14,0.59,+/-,0.69,0.07,91.34,2.57138,100A/95A/95A,1.26E+15
CL5_405290439CCS_F0050104CCAM04087P3.CSV,Rocknest6a,32.6,+/-,6.6,1.1,1.06,+/-,0.51,0.04,9.1,+/-,3.5,0.3,32.1,+/-,5.2,1.7,2.6,+/-,1.6,0.1,7.8,+/-,2.5,0.7,3,+/-,0.62,0.22,0.72,+/-,0.75,0.12,88.91,2.57138,100A/95A/95A,1.09E+15
CL5_405290556CCS_F0050104CCAM04087P3.CSV,Rocknest6a,37.7,+/-,5.8,1.7,1.13,+/-,0.52,0.05,10.4,+/-,3.5,0.4,30.3,+/-,5.1,1.7,3.1,+/-,1.7,0.2,5.4,+/-,1.8,0.7,2.85,+/-,0.62,0.19,0.58,+/-,0.69,0.09,91.48,2.57138,100A/95A/95A,1.27E+15
CL5_405290624CCS_F0050104CCAM04087P3.CSV,Rocknest6a,34.6,+/-,6.3,1.1,1.21,+/-,0.54,0.08,10.4,+/-,3.5,0.9,33,+/-,5.3,1.3,2.7,+/-,1.6,0.3,2.4,+/-,1.1,0.4,2.92,+/-,0.62,0.17,0.55,+/-,0.68,0.06,87.75,2.57457,100A/95A/95A,1.14E+15
CL5_405290799CCS_F0050104CCAM04087P3.CSV,Rocknest6a,37,+/-,5.9,1.1,1.03,+/-,0.5,0.03,9.7,+/-,3.5,0.2,28.7,+/-,5,1.1,3.2,+/-,1.7,0.1,6.1,+/-,2,0.5,3.42,+/-,0.65,0.11,0.84,+/-,0.8,0.05,90.01,2.57457,100A/95A/95A,9.71E+14
CL5_405290914CCS_F0050104CCAM04087P3.CSV,Rocknest6a,34.7,+/-,6.3,1.4,1.16,+/-,0.53,0.03,8.8,+/-,3.5,0.3,33.5,+/-,5.3,1.2,3.2,+/-,1.7,0.2,5.5,+/-,1.8,0.8,2.78,+/-,0.61,0.13,0.61,+/-,0.7,0.06,90.19,2.57457,100A/95A/95A,1.10E+15
CL5_405290983CCS_F0050104CCAM04087P3.CSV,Rocknest6a,35.5,+/-,6.1,1.6,1.23,+/-,0.55,0.05,9,+/-,3.5,0.4,31.9,+/-,5.2,1.8,2.8,+/-,1.6,0.2,3.7,+/-,1.3,0.7,2.49,+/-,0.61,0.18,0.45,+/-,0.64,0.07,87.11,2.57457,100A/95A/95A,1.52E+15
CL5_405291051CCS_F0050104CCAM04087P3.CSV,Rocknest6a,37.7,+/-,5.8,1.6,1.14,+/-,0.52,0.07,10.1,+/-,3.5,0.8,30.1,+/-,5.1,1.9,2.7,+/-,1.6,0.2,4.1,+/-,1.4,0.6,3.06,+/-,0.63,0.25,0.73,+/-,0.75,0.12,89.64,2.58223,100A/95A/95A,1.38E+15
CL5_405291569CCS_F0050104CCAM05087P3.CSV,Rocknest6b,36.9,+/-,5.9,0.7,1.32,+/-,0.57,0.03,9.3,+/-,3.5,0.2,29.3,+/-,5,0.8,3.6,+/-,1.7,0.1,6.1,+/-,2,0.2,3.1,+/-,0.63,0.08,0.79,+/-,0.78,0.05,90.36,2.6003,100A/95A/95A,9.62E+14
CL5_405291642CCS_F0050104CCAM05087P3.CSV,Rocknest6b,29.1,+/-,6.9,1.7,0.83,+/-,0.46,0.1,8.5,+/-,3.4,0.8,30,+/-,5,3.6,2,+/-,1.6,0.3,14.2,+/-,3.3,3.3,1.84,+/-,0.64,0.19,0.42,+/-,0.63,0.04,86.87,2.6003,100A/95A/95A,1.44E+15
CL5_405291711CCS_F0050104CCAM05087P3.CSV,Rocknest6b,35.2,+/-,6.2,0.8,1.31,+/-,0.57,0.03,8.6,+/-,3.5,0.1,32.5,+/-,5.2,0.7,3,+/-,1.6,0.1,4.4,+/-,1.5,0.2,2.68,+/-,0.61,0.1,0.6,+/-,0.7,0.06,88.29,2.6003,100A/95A/95A,1.49E+15
CL5_405291829CCS_F0050104CCAM05087P3.CSV,Rocknest6b,41,+/-,5.3,0.7,1.51,+/-,0.62,0.03,11.1,+/-,3.5,0.4,24.8,+/-,4.7,0.8,3,+/-,1.7,0.1,4.7,+/-,1.6,0.6,2.77,+/-,0.61,0.21,0.62,+/-,0.71,0.08,89.49,2.6003,100A/95A/95A,1.26E+15
CL5_405291897CCS_F0050104CCAM05087P3.CSV,Rocknest6b,35.4,+/-,6.1,0.8,1.23,+/-,0.55,0.05,9.6,+/-,3.5,0.3,31.5,+/-,5.2,0.7,4,+/-,1.7,0.1,7,+/-,2.3,0.5,2.91,+/-,0.62,0.23,0.63,+/-,0.71,0.1,92.26,2.6173,100A/95A/95A,5.26E+14
CL5_405292072CCS_F0050104CCAM05087P3.CSV,Rocknest6b,35.9,+/-,6.1,0.6,1.44,+/-,0.6,0.03,9.9,+/-,3.5,0.2,37.2,+/-,5.6,0.6,2.7,+/-,1.6,0.1,2.7,+/-,1.1,0.2,2.87,+/-,0.62,0.14,0.67,+/-,0.73,0.07,93.31,2.6173,100A/95A/95A,1.46E+15
CL5_405292188CCS_F0050104CCAM05087P3.CSV,Rocknest6b,36.6,+/-,6,1.1,1.69,+/-,0.67,0.1,9.3,+/-,3.5,0.2,36.3,+/-,5.5,1,2.7,+/-,1.6,0.1,2.3,+/-,1.1,0.3,3.26,+/-,0.64,0.14,0.75,+/-,0.76,0.05,92.95,2.6173,100A/95A/95A,9.75E+14
CL5_405292257CCS_F0050104CCAM05087P3.CSV,Rocknest6b,36.8,+/-,5.9,1.7,1.21,+/-,0.54,0.1,9.5,+/-,3.5,0.3,32.9,+/-,5.3,2.1,2.8,+/-,1.6,0.2,6,+/-,2,0.8,3.28,+/-,0.64,0.25,0.71,+/-,0.74,0.06,93.15,2.6173,100A/95A/95A,8.81E+14
CL5_405292326CCS_F0050104CCAM05087P3.CSV,Rocknest6b,41.1,+/-,5.3,2.2,0.96,+/-,0.49,0.14,8.9,+/-,3.5,1.6,20,+/-,4.2,1.2,6.5,+/-,2,1.1,7.3,+/-,2.4,0.7,1.82,+/-,0.64,0.16,0.18,+/-,0.55,0.06,86.75,2.63653,100A/95A/95A,6.34E+14
CL5_405301360CCS_F0050104CCAM01088P3.CSV,Rocknest_3_Top1,36.8,+/-,5.9,0.7,1.24,+/-,0.55,0.05,5.2,+/-,3.1,0.3,29.3,+/-,5,0.7,7.1,+/-,2.1,0.6,5.9,+/-,2,0.5,1.9,+/-,0.64,0.1,0.17,+/-,0.55,0.03,87.56,3.48283,100A/95A/95A,1.39E+15
CL5_405301434CCS_F0050104CCAM01088P3.CSV,Rocknest_3_Top1,41,+/-,5.3,0.6,1.35,+/-,0.58,0.06,8.1,+/-,3.4,0.2,28.8,+/-,5,1,3.6,+/-,1.7,0.1,3.6,+/-,1.3,0.6,2.75,+/-,0.61,0.07,0.62,+/-,0.71,0.05,89.76,3.48283,100A/95A/95A,1.08E+15
CL5_405301503CCS_F0050104CCAM01088P3.CSV,Rocknest_3_Top1,39.8,+/-,5.5,0.4,1.28,+/-,0.56,0.02,6.6,+/-,3.3,0.1,27.2,+/-,4.8,0.8,4.3,+/-,1.8,0.1,5.8,+/-,1.9,0.6,2.63,+/-,0.61,0.11,0.43,+/-,0.63,0.02,87.9,3.48283,100A/95A/95A,9.84E+14
CL5_405301571CCS_F0050104CCAM01088P3.CSV,Rocknest_3_Top1,45.2,+/-,5,0.8,1.51,+/-,0.62,0.11,11,+/-,3.5,0.4,25.3,+/-,4.7,1.4,3.3,+/-,1.7,0.2,2.6,+/-,1.1,0.3,3.16,+/-,0.63,0.08,0.79,+/-,0.78,0.05,92.82,3.48283,100A/95A/95A,9.86E+14
CL5_405301640CCS_F0050104CCAM01088P3.CSV,Rocknest_3_Top1,44.9,+/-,5,1.6,1.59,+/-,0.64,0.05,10.9,+/-,3.5,0.9,25.5,+/-,4.7,1.4,2.8,+/-,1.6,0.4,2.1,+/-,1,0.2,3.82,+/-,0.68,0.14,1.17,+/-,0.94,0.13,92.84,3.48283,100A/95A/95A,1.09E+15
CL5_405301756CCS_F0050104CCAM01088P3.CSV,Rocknest_3_Top1,34,+/-,6.4,1.4,1.32,+/-,0.57,0.04,6.6,+/-,3.3,0.3,34.5,+/-,5.4,0.8,4.2,+/-,1.8,0.2,3.3,+/-,1.2,0.7,2.47,+/-,0.61,0.07,0.33,+/-,0.6,0.03,86.63,3.49562,100A/95A/95A,1.10E+15
CL5_405301901CCS_F0050104CCAM01088P3.CSV,Rocknest_3_Top1,37.9,+/-,5.8,1.1,1.27,+/-,0.56,0.04,7.9,+/-,3.4,0.8,30.6,+/-,5.1,0.6,4.7,+/-,1.8,0.2,3.9,+/-,1.4,0.4,2.5,+/-,0.61,0.17,0.39,+/-,0.62,0.07,89.2,3.49562,100A/95A/95A,1.14E+15
CL5_405301969CCS_F0050104CCAM01088P3.CSV,Rocknest_3_Top1,40.5,+/-,5.4,0.7,1.44,+/-,0.6,0.05,9,+/-,3.5,0.5,32,+/-,5.2,1,3.4,+/-,1.7,0.1,4.3,+/-,1.5,0.5,3.12,+/-,0.63,0.15,0.66,+/-,0.72,0.04,94.48,3.49562,100A/95A/95A,1.15E+15
CL5_405302037CCS_F0050104CCAM01088P3.CSV,Rocknest_3_Top1,44,+/-,5.1,0.9,1.25,+/-,0.55,0.09,9.4,+/-,3.5,0.3,24.9,+/-,4.7,1.5,3.5,+/-,1.7,0.3,4.2,+/-,1.5,0.2,2.95,+/-,0.62,0.19,0.63,+/-,0.71,0.03,90.92,3.49562,100A/95A/95A,8.93E+14
CL5_405302106CCS_F0050104CCAM01088P3.CSV,Rocknest_3_Top1,43,+/-,5.1,0.7,1.5,+/-,0.62,0.03,9.3,+/-,3.5,0.2,27.5,+/-,4.9,0.8,3.8,+/-,1.7,0.1,4.1,+/-,1.4,0.6,3.04,+/-,0.62,0.13,0.77,+/-,0.77,0.07,93.01,3.49562,100A/95A/95A,1.17E+15
CL5_405302223CCS_F0050104CCAM01088P3.CSV,Rocknest_3_Top1,39,+/-,5.6,0.8,1.68,+/-,0.67,0.09,7.3,+/-,3.3,0.2,34.7,+/-,5.4,1.4,3.4,+/-,1.7,0.2,2.8,+/-,1.1,0.2,2,+/-,0.63,0.13,0.39,+/-,0.62,0.04,91.21,3.51558,100A/95A/95A,1.38E+15
CL5_405302368CCS_F0050104CCAM01088P3.CSV,Rocknest_3_Top1,42.3,+/-,5.2,0.5,1.35,+/-,0.58,0.02,8.3,+/-,3.4,0.5,28.8,+/-,5,0.8,4.1,+/-,1.8,0.1,6.8,+/-,2.2,0.4,3.01,+/-,0.62,0.1,0.68,+/-,0.73,0.05,95.39,3.51558,100A/95A/95A,9.03E+14
CL5_405302436CCS_F0050104CCAM01088P3.CSV,Rocknest_3_Top1,41.2,+/-,5.3,0.8,1.58,+/-,0.64,0.04,6.6,+/-,3.3,0.3,30.9,+/-,5.1,0.8,4.1,+/-,1.8,0.1,5.8,+/-,1.9,0.5,3.04,+/-,0.62,0.15,0.78,+/-,0.77,0.05,94.05,3.51558,100A/95A/95A,9.85E+14
CL5_405302504CCS_F0050104CCAM01088P3.CSV,Rocknest_3_Top1,41.5,+/-,5.3,0.5,1.5,+/-,0.62,0.04,9.3,+/-,3.5,0.3,32.4,+/-,5.2,0.7,3.2,+/-,1.7,0.1,3.2,+/-,1.2,0.3,2.87,+/-,0.62,0.15,0.77,+/-,0.77,0.03,94.77,3.51558,100A/95A/95A,1.65E+15
CL5_405302572CCS_F0050104CCAM01088P3.CSV,Rocknest_3_Top1,32.2,+/-,6.6,0.5,1.97,+/-,0.74,0.03,7.2,+/-,3.3,0.2,43,+/-,6,0.5,2.8,+/-,1.6,0.1,1.3,+/-,0.9,0.2,1.74,+/-,0.64,0.08,0.27,+/-,0.58,0.02,90.41,3.51558,100A/95A/95A,1.74E+15
CL5_405302689CCS_F0050104CCAM01088P3.CSV,Rocknest_3_Top1,43.3,+/-,5.1,0.8,0.98,+/-,0.49,0.02,11.4,+/-,3.5,0.5,24,+/-,4.6,0.9,4.9,+/-,1.8,0.1,4.3,+/-,1.5,0.2,2.97,+/-,0.62,0.24,0.34,+/-,0.6,0.01,92.2,3.59033,100A/95A/95A,6.80E+14
CL5_405303157CCS_F0050104CCAM01088P3.CSV,Rocknest_3_Top1,39.8,+/-,5.5,2.8,0.8,+/-,0.45,0.13,9.7,+/-,3.5,1.2,19,+/-,4.1,0.9,8,+/-,2.3,0.8,7.7,+/-,2.4,0.5,2.02,+/-,0.63,0.27,0.28,+/-,0.58,0.11,87.21,3.60021,100A/95A/95A,2.22E+14
CL5_405303303CCS_F0050104CCAM01088P3.CSV,Rocknest_3_Top1,45.7,+/-,5,0.4,1.31,+/-,0.57,0.11,15.5,+/-,3.6,0.4,20.6,+/-,4.3,0.2,4.8,+/-,1.8,0.1,8,+/-,2.5,0.3,3.66,+/-,0.66,0.19,0.5,+/-,0.66,0.08,99.97,3.60021,100A/95A/95A,3.42E+14
CL5_405303371CCS_F0050104CCAM01088P3.CSV,Rocknest_3_Top1,50.1,+/-,5,1.5,0.73,+/-,0.43,0.13,16.1,+/-,3.7,1.7,16.8,+/-,3.7,1.3,7.3,+/-,2.2,0.3,8.3,+/-,2.6,0.6,3.67,+/-,0.66,0.38,0.8,+/-,0.78,0.19,103.74,3.60021,100A/95A/95A,2.52E+14
CL5_405303440CCS_F0050104CCAM01088P3.CSV,Rocknest_3_Top1,43,+/-,5.1,1.1,0.88,+/-,0.47,0.15,10.9,+/-,3.5,0.6,20.7,+/-,4.3,0.9,7.1,+/-,2.1,0.8,7.5,+/-,2.4,0.6,2.47,+/-,0.61,0.16,0.56,+/-,0.68,0.12,93.01,3.60021,100A/95A/95A,1.90E+14
CL5_405468981CCS_F0050104CCAM02089P3.CSV,Portage,44.6,+/-,5,1.7,1.06,+/-,0.51,0.43,13.1,+/-,3.6,2.7,17.8,+/-,3.8,2.6,6.3,+/-,2,1.6,8.8,+/-,2.7,2.6,2.57,+/-,0.61,0.62,0.45,+/-,0.64,0.27,94.64,2.70572,100A/60A/60A,1.90E+14
CL5_405469061CCS_F0050104CCAM02089P3.CSV,Portage,44.6,+/-,5,2.3,0.78,+/-,0.44,0.14,11.9,+/-,3.6,2.9,18.1,+/-,3.9,2.5,7,+/-,2.1,1.2,8.1,+/-,2.5,0.9,2.74,+/-,0.61,0.83,0.37,+/-,0.61,0.14,93.56,2.70572,100A/60A/60A,1.62E+14
CL5_405469136CCS_F0050104CCAM02089P3.CSV,Portage,43.9,+/-,5.1,2.8,0.8,+/-,0.45,0.09,10,+/-,3.5,0.9,18.9,+/-,4,1.4,6.5,+/-,2,1,7.5,+/-,2.4,1,2.39,+/-,0.61,0.53,0.4,+/-,0.62,0.16,90.42,2.70572,100A/60A/60A,1.31E+14
CL5_405469251CCS_F0050104CCAM02089P3.CSV,Portage,45.7,+/-,5,1.8,0.94,+/-,0.48,0.09,12.3,+/-,3.6,2,18.4,+/-,4,1.2,8.2,+/-,2.3,0.9,7.4,+/-,2.4,0.9,2.54,+/-,0.61,0.38,0.38,+/-,0.62,0.09,95.82,2.70572,100A/60A/60A,2.00E+14
CL5_405469326CCS_F0050104CCAM02089P3.CSV,Portage,42.2,+/-,5.2,2.7,0.92,+/-,0.48,0.1,10.7,+/-,3.5,1.5,20,+/-,4.2,1.1,6.3,+/-,2,0.9,7.7,+/-,2.4,0.9,2.47,+/-,0.61,0.49,0.37,+/-,0.61,0.11,90.71,2.72056,100A/60A/60A,2.26E+14
CL5_405469508CCS_F0050104CCAM02089P3.CSV,Portage,42.1,+/-,5.2,2,0.99,+/-,0.49,1.18,7.8,+/-,3.4,1.4,19.8,+/-,4.2,2.1,6.6,+/-,2.1,0.9,8.5,+/-,2.6,0.9,1.64,+/-,0.65,0.32,0.16,+/-,0.55,0.07,87.64,2.72056,100A/60A/60A,1.44E+14
CL5_405469623CCS_F0050104CCAM02089P3.CSV,Portage,46.4,+/-,5,5.9,0.74,+/-,0.43,0.34,9.2,+/-,3.5,1.2,16.5,+/-,3.6,2.3,9.3,+/-,2.5,1.5,6.4,+/-,2.1,2,2.24,+/-,0.62,0.64,0.23,+/-,0.57,0.08,90.99,2.72056,100A/60A/60A,8.99E+13
CL5_405469699CCS_F0050104CCAM02089P3.CSV,Portage,48.2,+/-,4.9,2,0.83,+/-,0.46,0.1,14.9,+/-,3.6,1.6,17.9,+/-,3.9,1.1,9.9,+/-,2.6,0.9,6.2,+/-,2.1,0.3,3.6,+/-,0.66,0.48,0.35,+/-,0.61,0.03,101.9,2.72056,100A/60A/60A,2.19E+14
CL5_405469774CCS_F0050104CCAM02089P3.CSV,Portage,46.5,+/-,5,1.6,0.85,+/-,0.46,0.11,13.5,+/-,3.6,2.4,17,+/-,3.7,1.2,7.9,+/-,2.2,0.5,7.5,+/-,2.4,0.5,2.78,+/-,0.61,0.35,0.39,+/-,0.62,0.06,96.38,2.73054,100A/60A/60A,3.04E+14
